frame,time_sec,hand,normalized_distance,head_scale_px,head_source,wrist_x,wrist_y
492,16.400,Left,1.3814,166.88,ear,487.91,667.69
493,16.433,Right,1.4257,159.78,ear,517.67,667.24
494,16.467,Right,1.4012,155.74,ear,542.90,669.69
495,16.500,Right,1.3001,154.10,ear,543.13,675.07
496,16.533,Right,1.7103,152.66,ear,539.91,671.67
497,16.567,Right,1.8033,151.94,ear,543.53,669.62
553,18.433,Right,1.8680,161.17,ear,457.76,499.61
555,18.500,Left,1.5591,163.26,ear,406.76,325.70
559,18.633,Right,1.3750,163.52,ear,360.27,453.20
560,18.667,Right,1.3455,165.31,ear,368.83,451.67
561,18.700,Right,1.3947,164.52,ear,364.95,435.88
562,18.733,Right,1.4258,165.57,ear,366.94,426.83
562,18.733,Right,1.9212,165.57,ear,1122.30,537.17
563,18.767,Right,1.4208,165.79,ear,374.02,426.75
563,18.767,Left,1.8688,165.79,ear,1108.09,513.67
564,18.800,Right,1.4635,165.80,ear,374.91,433.96
564,18.800,Left,1.8534,165.80,ear,1101.79,504.45
565,18.833,Right,1.5249,164.36,ear,367.03,433.67
565,18.833,Left,1.8635,164.36,ear,1100.08,498.98
566,18.867,Right,1.5832,165.30,ear,366.24,439.36
566,18.867,Left,1.8519,165.30,ear,1100.24,498.40
567,18.900,Right,1.5945,166.56,ear,359.30,448.87
567,18.900,Left,1.8303,166.56,ear,1100.32,498.68
568,18.933,Right,1.5941,165.46,ear,358.40,448.67
568,18.933,Left,1.8574,165.46,ear,1096.17,499.52
569,18.967,Right,1.5923,165.27,ear,357.61,446.82
569,18.967,Left,1.8957,165.27,ear,1094.79,503.66
570,19.000,Right,1.6005,165.31,ear,360.37,448.15
570,19.000,Left,1.9036,165.31,ear,1091.87,503.42
571,19.033,Right,1.5848,165.42,ear,363.57,447.58
571,19.033,Left,1.9177,165.42,ear,1091.87,502.51
572,19.067,Right,1.6010,165.36,ear,363.59,447.31
572,19.067,Left,1.9315,165.36,ear,1095.79,501.99
573,19.100,Right,1.5960,165.75,ear,363.47,451.33
573,19.100,Left,1.9473,165.75,ear,1096.66,507.22
574,19.133,Right,1.6017,166.43,ear,360.43,451.74
574,19.133,Left,1.9748,166.43,ear,1095.50,511.05
575,19.167,Right,1.6078,166.49,ear,358.99,456.06
575,19.167,Left,2.0045,166.49,ear,1088.81,517.87
576,19.200,Right,1.6518,166.65,ear,358.27,459.25
576,19.200,Left,2.0335,166.65,ear,1092.56,519.85
577,19.233,Right,1.6368,166.73,ear,362.87,459.34
577,19.233,Left,2.0195,166.73,ear,1093.40,521.98
578,19.267,Right,1.6308,166.44,ear,366.60,459.38
578,19.267,Left,2.0174,166.44,ear,1092.09,524.94
579,19.300,Right,1.6283,166.49,ear,367.34,462.05
580,19.333,Right,1.6374,166.60,ear,371.80,468.94
580,19.333,Left,2.0868,166.60,ear,1088.38,548.96
581,19.367,Right,1.6664,165.00,ear,372.18,477.18
581,19.367,Left,2.1509,165.00,ear,1088.31,536.02
582,19.400,Right,1.7329,163.48,ear,367.06,470.86
582,19.400,Left,2.0038,163.48,ear,1084.06,527.85
583,19.433,Right,1.7436,163.93,ear,367.34,468.21
583,19.433,Left,2.0606,163.93,ear,1083.73,527.15
584,19.467,Right,1.7511,163.47,ear,363.33,465.25
584,19.467,Right,2.0582,163.47,ear,1085.87,512.03
585,19.500,Right,1.7964,163.90,ear,366.32,459.46
585,19.500,Left,2.1007,163.90,ear,1101.94,520.81
586,19.533,Right,1.7367,165.16,ear,362.22,452.18
586,19.533,Right,2.0863,165.16,ear,1109.32,521.97
587,19.567,Right,1.7800,165.36,ear,361.28,449.08
587,19.567,Left,2.0847,165.36,ear,1108.92,524.25
588,19.600,Right,1.6785,167.51,ear,362.20,458.54
588,19.600,Left,2.0570,167.51,ear,1107.06,529.46
589,19.633,Right,1.6493,167.26,ear,363.61,458.04
589,19.633,Right,2.0763,167.26,ear,1115.83,527.53
590,19.667,Right,1.6252,168.66,ear,366.15,459.45
590,19.667,Right,2.1176,168.66,ear,1115.60,522.00
591,19.700,Right,1.6237,168.36,ear,361.18,458.13
592,19.733,Right,1.6425,169.02,ear,362.03,456.96
593,19.767,Right,1.6156,173.03,ear,360.81,453.06
594,19.800,Right,1.5853,175.48,ear,362.48,444.79
595,19.833,Right,1.5806,174.83,ear,370.54,437.47
596,19.867,Right,1.5435,175.47,ear,372.19,424.53
597,19.900,Right,1.4832,176.61,ear,380.27,411.36
598,19.933,Right,1.4386,177.18,ear,388.56,395.38
599,19.967,Right,1.3176,177.84,ear,399.24,381.73
600,20.000,Right,1.2529,178.03,ear,404.43,356.77
601,20.033,Right,1.1703,177.81,ear,410.56,327.38
602,20.067,Left,1.0644,177.01,ear,418.41,306.67
603,20.100,Left,0.9785,175.65,ear,427.93,280.99
603,20.100,Right,0.9561,175.65,ear,452.97,274.13
604,20.133,Left,0.9994,173.13,ear,455.19,238.61
605,20.167,Right,0.9228,171.22,ear,491.42,207.75
606,20.200,Right,1.1161,168.78,ear,505.85,184.54
607,20.233,Left,1.1003,167.97,ear,519.66,160.93
608,20.267,Right,1.0943,168.55,ear,534.53,139.96
609,20.300,Left,1.3854,168.01,ear,552.38,120.23
609,20.300,Left,1.2082,168.01,ear,572.51,107.87
610,20.333,Left,1.2661,167.55,ear,573.17,88.69
612,20.400,Right,1.3377,172.16,ear,810.03,119.67
613,20.433,Right,1.3818,173.95,ear,794.68,104.74
665,22.167,Left,1.4320,152.01,ear,526.31,411.27
735,24.500,Left,1.8304,156.37,ear,929.38,552.72
736,24.533,Left,1.8267,154.44,ear,956.27,523.45
736,24.533,Left,1.8197,154.44,ear,1082.67,594.79
737,24.567,Left,1.9677,152.93,ear,1104.43,613.07
1072,35.733,Left,1.1319,167.05,ear,664.15,647.01
1073,35.767,Right,1.3674,168.65,ear,663.44,641.90
1075,35.833,Left,1.0404,163.85,ear,743.17,634.30
1076,35.867,Left,1.1169,164.69,ear,750.10,636.44
1077,35.900,Left,1.1309,165.64,ear,770.66,637.30
1103,36.767,Right,0.8835,152.58,ear,867.54,580.70
1112,37.067,Right,1.6148,153.98,ear,462.22,489.40
1114,37.133,Right,1.7028,159.67,ear,412.10,465.41
1116,37.200,Left,1.6385,170.30,ear,621.17,693.44
1118,37.267,Left,1.3534,175.82,ear,366.94,292.77
1119,37.300,Left,1.3474,169.86,ear,366.17,285.61
1121,37.367,Left,0.8963,167.99,ear,365.30,291.08
1126,37.533,Right,1.5758,170.85,ear,183.75,374.03
1127,37.567,Right,1.7407,170.66,ear,177.64,372.21
1128,37.600,Right,1.6509,170.58,ear,172.09,371.63
1129,37.633,Right,1.7992,170.59,ear,165.57,369.11
1130,37.667,Right,1.7805,170.44,ear,166.31,367.68
1131,37.700,Right,1.8007,170.30,ear,162.55,362.84
1132,37.733,Right,1.8166,169.82,ear,160.23,363.04
1133,37.767,Right,1.8692,170.27,ear,155.44,362.67
1134,37.800,Right,1.8543,169.89,ear,152.10,360.08
1135,37.833,Right,1.9077,169.76,ear,144.26,362.35
1136,37.867,Right,1.9436,169.20,ear,135.51,364.47
1137,37.900,Right,1.9577,169.05,ear,134.80,366.84
1138,37.933,Right,1.9975,167.31,ear,129.71,369.69
1139,37.967,Right,2.0279,167.61,ear,121.39,371.39
1140,38.000,Right,2.0767,167.40,ear,119.05,370.60
1141,38.033,Right,2.1038,167.98,ear,111.92,368.51
1142,38.067,Right,2.1218,168.04,ear,116.20,366.34
1143,38.100,Right,2.1153,168.10,ear,115.48,364.97
1144,38.133,Right,2.1425,168.08,ear,111.62,362.43
1145,38.167,Right,2.1634,168.26,ear,107.05,362.05
1146,38.200,Right,2.1469,168.37,ear,101.90,360.97
1147,38.233,Right,2.1604,169.88,ear,97.60,361.81
1148,38.267,Right,2.1690,169.85,ear,91.62,362.25
1149,38.300,Right,2.1891,169.82,ear,88.62,359.72
1150,38.333,Right,2.1846,169.85,ear,86.94,362.96
1151,38.367,Right,2.1954,170.27,ear,80.74,357.01
1152,38.400,Right,2.1661,171.35,ear,80.12,357.07
1153,38.433,Right,2.2907,172.16,ear,79.69,354.15
1154,38.467,Right,2.1806,172.38,ear,80.94,356.46
1155,38.500,Right,2.1292,174.20,ear,77.46,353.98
1156,38.533,Right,2.0750,173.49,ear,88.72,351.08
1157,38.567,Right,1.9013,173.80,ear,91.79,353.31
1158,38.600,Right,1.8468,172.68,ear,100.28,360.11
1159,38.633,Right,1.7820,172.98,ear,102.77,364.02
1160,38.667,Right,1.7987,172.36,ear,103.73,367.85
1161,38.700,Right,1.7454,172.27,ear,106.36,368.56
1162,38.733,Right,1.6875,172.46,ear,111.14,374.15
1163,38.767,Right,1.7067,173.39,ear,121.16,384.76
1164,38.800,Right,1.8340,174.01,ear,118.19,382.45
1165,38.833,Right,1.8443,175.02,ear,124.11,381.14
1166,38.867,Right,2.2687,176.51,ear,111.32,390.99
1167,38.900,Right,2.2975,180.00,ear,99.96,383.10
1168,38.933,Right,2.3949,180.54,ear,93.60,380.70
1169,38.967,Right,2.4541,180.43,ear,98.00,375.40
1170,39.000,Right,2.3693,180.65,ear,102.18,376.37
1171,39.033,Left,2.3441,180.44,ear,94.42,376.36
1172,39.067,Right,2.3074,180.26,ear,98.24,366.82
1173,39.100,Right,2.2204,179.27,ear,110.41,368.18
1174,39.133,Right,2.1418,179.44,ear,115.22,363.66
1175,39.167,Right,2.1473,179.38,ear,116.59,363.45
1176,39.200,Right,2.1168,179.20,ear,116.26,365.33
1177,39.233,Right,2.1181,178.72,ear,115.23,365.85
1178,39.267,Right,2.0726,178.26,ear,115.62,365.25
1179,39.300,Right,2.0847,178.45,ear,114.35,365.68
1180,39.333,Right,2.0671,180.20,ear,111.38,367.22
1181,39.367,Right,2.0952,178.74,ear,109.11,367.27
1182,39.400,Right,2.0648,180.69,ear,106.92,364.82
1183,39.433,Right,2.0944,179.59,ear,108.32,365.75
1184,39.467,Right,2.1326,178.22,ear,108.22,364.68
1185,39.500,Right,2.1457,180.12,ear,108.03,363.25
1186,39.533,Right,2.2014,179.53,ear,106.02,362.92
1187,39.567,Right,2.2329,179.09,ear,109.46,363.09
1188,39.600,Right,2.2258,179.39,ear,109.66,363.22
1189,39.633,Right,2.2546,179.11,ear,112.98,360.15
1190,39.667,Right,2.2628,178.92,ear,116.64,357.43
1191,39.700,Right,2.2653,179.11,ear,118.38,357.02
1192,39.733,Right,2.2513,179.04,ear,123.47,357.35
1193,39.767,Right,2.2065,178.22,ear,131.97,359.33
1194,39.800,Right,2.1702,178.73,ear,133.96,354.42
1195,39.833,Right,2.1081,178.89,ear,138.75,358.18
1196,39.867,Right,2.0649,179.04,ear,147.69,360.88
1197,39.900,Right,2.0226,178.98,ear,146.43,366.35
1198,39.933,Right,2.0027,178.48,ear,147.07,370.29
1199,39.967,Right,2.0056,177.62,ear,147.89,371.74
1200,40.000,Right,2.0104,177.30,ear,152.48,370.94
1201,40.033,Right,2.0063,176.99,ear,154.60,369.20
1202,40.067,Right,2.0058,176.51,ear,154.73,368.30
1203,40.100,Right,2.0380,175.72,ear,157.40,369.45
1204,40.133,Right,2.0486,174.77,ear,154.90,370.45
1205,40.167,Right,2.0580,174.42,ear,155.84,368.99
1206,40.200,Right,2.0668,174.21,ear,155.58,368.46
1207,40.233,Right,2.0678,174.43,ear,156.98,370.31
1208,40.267,Right,2.0517,173.73,ear,158.85,371.88
1209,40.300,Right,2.0761,172.42,ear,159.15,372.60
1210,40.333,Right,2.0801,173.94,ear,158.05,371.90
1211,40.367,Right,2.0677,173.98,ear,156.80,372.55
1212,40.400,Right,2.0862,172.94,ear,160.33,371.01
1213,40.433,Right,2.0895,172.66,ear,159.70,372.03
1214,40.467,Right,2.1002,173.36,ear,159.38,371.86
1215,40.500,Right,2.1018,173.71,ear,156.85,372.31
1216,40.533,Right,2.1051,174.55,ear,156.06,371.91
1217,40.567,Right,2.1081,174.58,ear,156.48,371.53
1218,40.600,Right,2.1050,174.86,ear,157.01,371.86
1219,40.633,Right,2.0899,176.25,ear,156.58,371.14
1220,40.667,Right,2.0826,176.50,ear,158.03,371.10
1221,40.700,Right,2.0864,176.17,ear,157.53,371.27
1222,40.733,Right,2.1075,175.32,ear,155.91,369.95
1223,40.767,Right,2.0946,175.58,ear,157.96,370.72
1224,40.800,Right,2.0541,175.43,ear,162.32,369.32
1225,40.833,Right,2.0404,175.49,ear,165.37,372.75
1226,40.867,Right,2.0169,174.20,ear,168.17,370.41
1227,40.900,Right,2.0060,174.69,ear,168.46,370.42
1228,40.933,Right,2.0071,174.79,ear,169.13,369.90
1229,40.967,Right,2.0028,174.98,ear,174.36,367.82
1230,41.000,Right,1.9771,175.45,ear,180.87,367.36
1231,41.033,Right,1.9463,176.20,ear,182.65,369.87
1232,41.067,Right,1.9096,176.50,ear,186.77,367.13
1233,41.100,Right,1.8964,176.03,ear,204.08,359.09
1234,41.133,Right,1.8687,176.36,ear,209.91,365.13
1235,41.167,Right,1.9135,174.36,ear,226.37,364.39
1236,41.200,Right,1.9432,174.82,ear,246.99,361.42
1237,41.233,Right,1.8278,173.63,ear,250.23,365.38
1238,41.267,Right,1.8114,173.17,ear,272.30,364.46
1239,41.300,Right,1.8270,172.31,ear,280.66,359.24
1240,41.333,Right,1.9063,172.47,ear,304.82,328.79
1241,41.367,Right,1.8509,172.28,ear,319.61,312.38
1242,41.400,Right,1.8236,171.04,ear,344.93,298.26
1243,41.433,Right,1.7438,170.88,ear,368.20,277.94
1244,41.467,Right,1.6124,170.87,ear,391.93,268.55
1245,41.500,Right,1.5328,170.67,ear,410.87,243.97
1246,41.533,Right,1.4893,170.50,ear,421.51,234.60
1247,41.567,Right,1.3454,170.62,ear,454.79,215.94
1248,41.600,Right,1.2345,169.82,ear,486.40,202.75
1249,41.633,Right,1.1239,169.32,ear,503.05,211.03
1250,41.667,Right,1.0763,166.38,ear,517.89,214.23
1252,41.733,Left,0.8837,162.47,ear,548.34,233.54
1253,41.767,Right,0.9194,159.43,ear,545.35,238.14
1254,41.800,Right,0.9647,157.76,ear,536.38,239.58
1255,41.833,Right,1.0279,157.40,ear,527.20,237.19
1256,41.867,Right,1.0202,156.87,ear,524.83,242.01
1257,41.900,Right,1.0004,156.04,ear,526.44,243.89
1258,41.933,Right,0.9745,156.90,ear,526.92,246.83
1259,41.967,Right,0.9725,155.88,ear,527.97,246.25
1260,42.000,Right,0.9854,155.90,ear,526.44,244.67
1261,42.033,Right,0.9726,155.26,ear,526.76,245.71
1262,42.067,Right,0.9635,155.90,ear,528.69,244.65
1263,42.100,Right,0.9661,155.89,ear,528.41,244.68
1264,42.133,Right,0.9747,156.08,ear,525.80,245.89
1265,42.167,Right,0.9854,155.22,ear,523.85,246.78
1266,42.200,Right,1.0023,155.61,ear,523.04,243.53
1267,42.233,Right,1.0249,154.61,ear,522.22,239.05
1268,42.267,Right,1.0637,155.33,ear,519.39,230.74
1269,42.300,Right,1.0916,155.21,ear,511.35,232.58
1270,42.333,Right,1.1741,155.85,ear,500.33,222.28
1271,42.367,Right,1.2077,155.80,ear,488.21,230.20
1272,42.400,Left,1.2522,156.10,ear,479.61,229.59
1279,42.633,Right,2.0394,166.00,ear,222.96,307.73
1280,42.667,Right,2.1999,166.79,ear,213.01,325.05
1281,42.700,Right,2.2110,167.31,ear,218.67,334.35
1282,42.733,Right,2.1665,167.79,ear,195.42,352.14
1283,42.767,Right,2.1860,170.45,ear,181.23,368.61
1284,42.800,Right,2.2076,170.71,ear,176.26,378.77
1285,42.833,Right,2.2019,171.75,ear,150.15,368.27
1286,42.867,Right,2.2355,173.02,ear,148.08,365.12
1287,42.900,Right,2.2787,172.40,ear,134.77,364.99
1288,42.933,Right,2.3252,173.41,ear,132.88,368.19
1289,42.967,Right,2.4014,173.31,ear,116.03,365.99
1290,43.000,Right,2.4047,173.22,ear,113.15,366.55
1291,43.033,Right,2.3926,174.29,ear,114.26,368.46
1292,43.067,Right,2.4307,173.01,ear,112.62,368.26
1293,43.100,Right,2.4258,172.91,ear,111.95,367.98
1294,43.133,Right,2.4214,172.88,ear,113.06,368.06
1295,43.167,Right,2.3825,173.59,ear,113.31,368.67
1296,43.200,Right,2.3743,174.33,ear,117.08,368.82
1297,43.233,Right,2.3628,174.59,ear,118.41,367.60
1298,43.267,Right,2.3654,175.03,ear,119.36,367.76
1299,43.300,Right,2.3617,175.00,ear,121.54,366.67
1300,43.333,Right,2.3359,174.42,ear,120.13,366.20
1301,43.367,Right,2.3388,175.61,ear,124.47,366.98
1302,43.400,Right,2.3214,176.97,ear,123.79,366.06
1303,43.433,Right,2.3113,175.51,ear,128.38,365.10
1304,43.467,Right,2.3042,175.96,ear,122.30,367.33
1305,43.500,Right,2.3065,176.21,ear,123.19,369.84
1306,43.533,Right,2.3084,175.76,ear,126.23,370.07
1307,43.567,Right,2.3151,175.74,ear,127.89,368.53
1308,43.600,Right,2.3422,174.59,ear,127.15,368.18
1309,43.633,Right,2.3534,175.05,ear,126.54,366.51
1310,43.667,Right,2.3566,174.90,ear,124.82,365.43
1311,43.700,Right,2.3604,174.99,ear,122.96,366.04
1312,43.733,Right,2.3624,175.80,ear,120.81,367.26
1313,43.767,Right,2.3684,175.10,ear,122.29,368.15
1314,43.800,Right,2.3410,175.66,ear,126.89,368.37
1315,43.833,Right,2.3150,175.92,ear,127.77,366.26
1316,43.867,Right,2.2522,175.87,ear,129.77,362.77
1317,43.900,Right,2.2547,175.41,ear,138.54,360.88
1318,43.933,Right,2.2225,174.84,ear,140.17,357.79
1319,43.967,Right,2.0891,174.75,ear,150.60,359.72
1320,44.000,Right,2.0718,174.35,ear,153.29,359.66
1321,44.033,Right,1.9878,174.76,ear,149.08,364.80
1322,44.067,Right,1.9513,174.60,ear,152.80,365.36
1323,44.100,Right,1.9306,174.42,ear,163.21,369.76
1324,44.133,Right,1.8840,174.89,ear,181.01,369.46
1325,44.167,Right,1.7816,175.76,ear,188.83,367.38
1326,44.200,Right,1.6948,175.70,ear,200.88,368.75
1327,44.233,Right,1.4671,175.27,ear,215.30,363.21
1328,44.267,Right,1.4901,175.16,ear,223.68,356.70
1329,44.300,Right,1.4957,173.37,ear,238.47,365.06
1330,44.333,Right,1.3704,174.44,ear,263.42,380.07
1331,44.367,Right,1.2225,176.33,ear,270.40,384.26
1332,44.400,Right,1.1288,176.95,ear,265.38,392.30
1333,44.433,Right,1.2737,175.12,ear,264.87,402.43
1334,44.467,Right,1.2831,175.50,ear,260.29,406.67
1335,44.500,Right,1.2674,175.93,ear,255.63,400.50
1336,44.533,Right,1.3238,175.48,ear,233.38,396.49
1337,44.567,Right,1.2659,177.42,ear,223.27,395.42
1338,44.600,Right,1.3026,177.62,ear,206.63,389.13
1339,44.633,Right,1.3394,177.44,ear,192.07,375.16
1340,44.667,Right,1.4089,176.24,ear,188.37,374.03
1341,44.700,Right,1.4006,177.10,ear,188.57,374.30
1342,44.733,Right,1.4625,174.38,ear,187.00,372.80
1343,44.767,Right,1.5248,169.99,ear,199.13,380.27
1344,44.800,Right,1.5066,169.68,ear,218.73,392.35
1345,44.833,Right,1.5509,167.79,ear,234.30,399.55
1346,44.867,Right,1.5094,165.52,ear,248.08,402.61
1347,44.900,Right,1.4819,165.96,ear,258.71,411.31
1348,44.933,Right,1.4911,165.89,ear,253.99,415.02
1349,44.967,Right,1.4716,168.17,ear,254.46,427.77
1350,45.000,Right,1.4819,169.13,ear,251.84,437.67
1351,45.033,Right,1.5872,169.59,ear,249.59,453.08
1352,45.067,Right,1.6090,168.91,ear,250.40,462.88
1353,45.100,Right,1.5834,168.81,ear,244.20,470.47
1354,45.133,Right,1.5832,169.28,ear,234.32,483.16
1355,45.167,Right,1.6277,168.32,ear,219.62,493.52
1356,45.200,Right,1.6819,168.26,ear,204.30,498.93
1357,45.233,Right,1.7075,168.79,ear,196.36,500.15
1358,45.267,Right,1.7812,168.60,ear,184.96,510.63
1359,45.300,Right,1.8935,168.27,ear,163.76,526.13
1360,45.333,Right,1.9562,168.13,ear,144.68,524.45
1361,45.367,Right,1.9694,168.28,ear,131.56,533.15
1362,45.400,Right,1.9947,168.32,ear,127.82,535.70
1363,45.433,Right,1.9923,168.46,ear,126.10,534.72
1364,45.467,Right,1.9755,168.36,ear,123.10,535.27
1365,45.500,Right,1.9583,167.80,ear,129.92,532.49
1366,45.533,Right,1.9546,167.86,ear,127.25,526.01
1367,45.567,Right,1.9439,168.10,ear,129.97,523.27
1368,45.600,Right,1.9453,166.77,ear,127.44,519.74
1369,45.633,Right,2.0001,166.53,ear,127.83,511.08
1370,45.667,Right,2.0409,165.71,ear,125.90,506.13
1371,45.700,Right,2.1127,165.37,ear,115.40,504.68
1372,45.733,Right,2.1878,165.46,ear,102.65,500.25
1373,45.767,Right,2.3014,164.68,ear,91.50,492.83
1374,45.800,Right,2.3271,164.60,ear,88.09,489.05
1375,45.833,Right,2.3733,165.38,ear,88.37,493.71
1376,45.867,Right,2.4482,165.23,ear,87.62,491.62
1377,45.900,Right,2.5028,165.37,ear,88.25,492.25
1378,45.933,Right,2.4974,165.41,ear,85.26,496.28
1379,45.967,Right,2.4766,167.44,ear,83.13,498.35
1380,46.000,Right,2.4433,169.91,ear,84.08,500.50
1380,46.000,Left,1.6755,169.91,ear,1123.35,542.18
1381,46.033,Right,2.4975,171.12,ear,86.48,512.27
1381,46.033,Left,1.5637,171.12,ear,1139.98,494.94
1382,46.067,Right,2.5102,173.09,ear,83.21,519.26
1382,46.067,Left,1.5361,173.09,ear,1155.67,465.37
1383,46.100,Right,2.5448,173.32,ear,77.80,530.34
1383,46.100,Left,1.5601,173.32,ear,1163.70,456.00
1384,46.133,Right,2.5684,173.70,ear,74.73,539.99
1384,46.133,Left,1.5985,173.70,ear,1190.24,461.58
1385,46.167,Right,2.6135,172.26,ear,69.58,540.91
1385,46.167,Left,1.6670,172.26,ear,1204.73,464.01
1386,46.200,Right,2.6318,172.08,ear,68.62,541.35
1386,46.200,Left,1.7760,172.08,ear,1227.05,470.12
1387,46.233,Right,2.6337,172.76,ear,64.19,545.94
1387,46.233,Left,1.9037,172.76,ear,1251.77,470.55
1388,46.267,Right,2.6435,171.88,ear,64.38,546.07
1388,46.267,Left,2.0008,171.88,ear,1298.64,465.11
1389,46.300,Right,2.6510,171.65,ear,66.21,542.61
1389,46.300,Left,1.9875,171.65,ear,1276.53,472.69
1390,46.333,Right,2.6544,171.56,ear,67.29,538.98
1390,46.333,Right,2.1192,171.56,ear,1331.53,465.53
1391,46.367,Right,2.6821,169.97,ear,68.54,536.89
1391,46.367,Right,2.1415,169.97,ear,1323.91,475.39
1392,46.400,Right,2.7087,169.20,ear,66.76,537.29
1392,46.400,Right,2.1625,169.20,ear,1334.74,479.34
1393,46.433,Right,2.6903,169.30,ear,63.46,537.38
1393,46.433,Right,2.0310,169.30,ear,1298.58,514.43
1394,46.467,Right,2.6907,169.10,ear,62.33,536.41
1394,46.467,Left,2.0143,169.10,ear,1298.99,513.05
1395,46.500,Right,2.7025,168.58,ear,60.97,536.41
1395,46.500,Left,1.9158,168.58,ear,1272.66,514.37
1396,46.533,Right,2.6928,167.70,ear,63.72,537.14
1396,46.533,Left,1.8266,167.70,ear,1271.30,500.53
1397,46.567,Right,2.6451,166.57,ear,65.01,541.91
1397,46.567,Left,1.7374,166.57,ear,1246.81,512.54
1398,46.600,Right,2.5791,167.28,ear,75.49,551.83
1398,46.600,Left,1.6431,167.28,ear,1239.65,511.93
1399,46.633,Right,2.5068,167.55,ear,86.41,551.08
1399,46.633,Left,1.5415,167.55,ear,1225.99,508.17
1400,46.667,Right,2.4641,169.44,ear,87.70,552.37
1400,46.667,Left,1.5300,169.44,ear,1233.18,510.53
1401,46.700,Right,2.3977,168.56,ear,94.04,552.66
1401,46.700,Left,1.4483,168.56,ear,1187.45,552.25
1402,46.733,Right,2.3104,168.21,ear,117.91,559.06
1402,46.733,Left,1.4023,168.21,ear,1181.76,555.36
1403,46.767,Right,2.2451,166.99,ear,122.81,557.78
1403,46.767,Left,1.3373,166.99,ear,1173.75,551.46
1404,46.800,Right,2.2229,167.30,ear,129.21,553.94
1404,46.800,Left,1.2958,167.30,ear,1152.84,543.08
1405,46.833,Right,2.0273,167.53,ear,165.62,547.81
1405,46.833,Left,1.2037,167.53,ear,1115.70,525.40
1406,46.867,Right,1.8460,168.49,ear,190.27,541.11
1406,46.867,Left,1.1855,168.49,ear,1096.26,516.00
1407,46.900,Right,1.6153,166.57,ear,227.26,518.42
1407,46.900,Left,1.1313,166.57,ear,1075.48,508.70
1408,46.933,Right,1.5494,165.41,ear,254.27,499.53
1408,46.933,Left,1.1167,165.41,ear,1060.48,501.06
1409,46.967,Right,1.4656,164.51,ear,266.75,483.33
1409,46.967,Left,1.0820,164.51,ear,1049.67,498.00
1410,47.000,Right,1.3601,165.31,ear,289.69,476.00
1410,47.000,Left,1.0468,165.31,ear,1037.96,492.62
1411,47.033,Right,1.3380,166.00,ear,289.87,468.76
1411,47.033,Left,1.0496,166.00,ear,1037.14,487.59
1412,47.067,Right,1.2382,165.46,ear,307.04,473.40
1412,47.067,Left,1.0298,165.46,ear,1032.35,487.19
1413,47.100,Right,1.1624,165.84,ear,325.03,472.66
1413,47.100,Left,1.0168,165.84,ear,1024.76,484.26
1414,47.133,Right,1.1221,166.39,ear,329.22,470.15
1414,47.133,Left,1.0035,166.39,ear,1018.44,482.03
1415,47.167,Right,1.0809,166.65,ear,331.50,467.75
1415,47.167,Left,0.9984,166.65,ear,1016.58,479.26
1416,47.200,Right,1.0815,166.87,ear,332.22,466.75
1416,47.200,Left,1.0089,166.87,ear,1016.96,477.95
1417,47.233,Right,1.0807,168.75,ear,331.77,465.63
1417,47.233,Left,1.0330,168.75,ear,1031.56,476.35
1418,47.267,Right,1.1144,169.86,ear,321.33,460.63
1418,47.267,Left,1.0677,169.86,ear,1036.00,477.10
1419,47.300,Right,1.1400,173.68,ear,320.35,461.25
1419,47.300,Left,1.0659,173.68,ear,1041.46,476.96
1420,47.333,Right,1.2103,175.77,ear,314.23,461.79
1420,47.333,Left,1.0761,175.77,ear,1044.89,480.72
1421,47.367,Right,1.2329,178.33,ear,310.46,458.73
1421,47.367,Left,1.0557,178.33,ear,1048.90,483.46
1422,47.400,Right,1.2158,179.55,ear,307.60,459.44
1422,47.400,Left,1.0428,179.55,ear,1048.91,484.75
1423,47.433,Right,1.2217,178.06,ear,307.57,460.37
1423,47.433,Left,1.0512,178.06,ear,1048.64,484.36
1424,47.467,Right,1.2446,177.94,ear,303.77,460.58
1424,47.467,Left,1.0461,177.94,ear,1048.36,484.43
1425,47.500,Right,1.2635,176.91,ear,301.94,460.64
1425,47.500,Left,1.0372,176.91,ear,1050.01,486.48
1426,47.533,Right,1.2592,176.96,ear,302.11,459.45
1426,47.533,Left,1.0150,176.96,ear,1047.94,485.73
1427,47.567,Right,1.2623,176.53,ear,300.89,458.56
1427,47.567,Left,1.0099,176.53,ear,1044.99,485.27
1428,47.600,Right,1.2870,174.70,ear,298.00,458.41
1428,47.600,Left,1.0147,174.70,ear,1044.52,485.15
1429,47.633,Right,1.2916,175.71,ear,297.87,456.31
1429,47.633,Left,1.0009,175.71,ear,1042.27,485.05
1430,47.667,Right,1.2931,176.72,ear,294.77,456.62
1430,47.667,Left,0.9776,176.72,ear,1040.93,483.59
1431,47.700,Right,1.2870,176.33,ear,294.38,454.70
1431,47.700,Left,0.9808,176.33,ear,1042.35,483.23
1432,47.733,Right,1.2929,176.69,ear,293.72,454.88
1432,47.733,Left,0.9757,176.69,ear,1042.27,482.43
1433,47.767,Right,1.2878,176.04,ear,293.31,455.21
1433,47.767,Left,0.9727,176.04,ear,1040.96,482.56
1434,47.800,Right,1.2786,175.77,ear,292.87,455.51
1434,47.800,Left,0.9763,175.77,ear,1041.64,483.63
1435,47.833,Right,1.2746,175.48,ear,293.60,454.32
1435,47.833,Left,0.9732,175.48,ear,1042.53,482.57
1436,47.867,Right,1.2842,175.11,ear,294.33,453.25
1436,47.867,Left,0.9753,175.11,ear,1042.15,482.97
1437,47.900,Right,1.2734,175.75,ear,295.32,454.61
1437,47.900,Left,0.9800,175.75,ear,1043.43,483.93
1438,47.933,Right,1.2792,173.58,ear,294.94,455.29
1438,47.933,Left,0.9986,173.58,ear,1043.36,483.57
1439,47.967,Right,1.2848,172.98,ear,297.77,456.16
1439,47.967,Left,1.0064,172.98,ear,1043.43,483.73
1440,48.000,Right,1.2835,172.96,ear,300.03,457.68
1440,48.000,Left,1.0219,172.96,ear,1044.90,486.37
1441,48.033,Right,1.3006,172.14,ear,301.12,459.21
1441,48.033,Left,1.0291,172.14,ear,1045.49,485.36
1442,48.067,Right,1.2873,173.91,ear,302.70,460.20
1442,48.067,Left,1.0038,173.91,ear,1045.59,484.77
1443,48.100,Right,1.2784,174.94,ear,302.62,461.27
1443,48.100,Left,1.0006,174.94,ear,1045.66,483.40
1444,48.133,Right,1.2963,175.07,ear,300.46,463.15
1444,48.133,Left,1.0128,175.07,ear,1048.44,485.66
1445,48.167,Right,1.3079,174.89,ear,299.26,464.22
1445,48.167,Left,1.0154,174.89,ear,1048.90,485.90
1446,48.200,Right,1.3387,175.62,ear,296.69,462.56
1446,48.200,Left,1.0012,175.62,ear,1049.19,485.30
1447,48.233,Right,1.3743,176.07,ear,289.91,463.55
1447,48.233,Left,1.0031,176.07,ear,1050.08,484.37
1448,48.267,Right,1.4169,176.13,ear,285.37,462.18
1448,48.267,Left,0.9924,176.13,ear,1051.24,483.39
1449,48.300,Right,1.4441,175.84,ear,281.87,461.15
1449,48.300,Left,1.0055,175.84,ear,1051.98,482.45
1450,48.333,Right,1.5123,174.60,ear,277.39,458.80
1450,48.333,Left,1.0143,174.60,ear,1053.24,482.37
1451,48.367,Right,1.5704,174.87,ear,275.39,462.58
1451,48.367,Left,1.0122,174.87,ear,1053.87,481.88
1452,48.400,Right,1.6091,174.82,ear,275.27,464.15
1452,48.400,Left,1.0133,174.82,ear,1053.34,483.37
1453,48.433,Right,1.7651,174.33,ear,265.04,474.62
1453,48.433,Left,1.0019,174.33,ear,1052.55,484.13
1454,48.467,Right,1.8226,173.98,ear,269.97,476.38
1454,48.467,Left,0.9989,173.98,ear,1050.99,484.14
1455,48.500,Right,1.8643,174.96,ear,261.59,480.60
1455,48.500,Left,1.0122,174.96,ear,1051.19,486.56
1456,48.533,Right,1.8582,174.44,ear,261.57,472.15
1456,48.533,Left,1.0176,174.44,ear,1052.29,487.30
1457,48.567,Right,1.9381,173.70,ear,255.68,485.79
1457,48.567,Left,1.0082,173.70,ear,1049.55,487.53
1458,48.600,Right,2.0520,173.73,ear,257.91,482.03
1458,48.600,Left,1.0115,173.73,ear,1048.87,487.43
1459,48.633,Right,2.0644,174.25,ear,248.03,476.20
1459,48.633,Left,1.0113,174.25,ear,1047.76,487.71
1460,48.667,Right,2.1229,173.66,ear,246.95,500.59
1460,48.667,Left,1.0014,173.66,ear,1046.06,488.34
1461,48.700,Right,2.1345,173.56,ear,271.69,514.48
1461,48.700,Left,1.0040,173.56,ear,1044.96,488.36
1462,48.733,Right,2.3088,173.18,ear,314.88,462.49
1462,48.733,Left,1.0029,173.18,ear,1043.69,488.90
1463,48.767,Left,0.9982,173.10,ear,1041.62,487.28
1464,48.800,Left,1.0028,173.56,ear,1041.38,487.23
1465,48.833,Left,1.0181,171.40,ear,1039.28,489.95
1466,48.867,Left,0.9995,173.15,ear,1037.02,489.75
1467,48.900,Left,1.0131,172.75,ear,1037.36,491.00
1468,48.933,Left,1.0509,170.61,ear,1036.90,491.38
1469,48.967,Left,1.0510,171.70,ear,1036.86,491.85
1470,49.000,Left,1.0539,171.02,ear,1037.37,490.28
1471,49.033,Left,1.0607,170.21,ear,1038.90,493.61
1472,49.067,Left,1.0612,168.62,ear,1039.51,494.74
1473,49.100,Left,1.0609,168.51,ear,1037.84,492.68
1474,49.133,Left,1.0493,168.67,ear,1038.51,494.53
1475,49.167,Left,1.0752,168.78,ear,1038.82,494.84
1476,49.200,Left,1.0792,166.67,ear,1039.78,494.35
1477,49.233,Left,1.0964,166.03,ear,1041.57,494.16
1477,49.233,Right,1.5130,166.03,ear,434.68,581.90
1478,49.267,Left,1.0888,165.45,ear,1040.56,492.77
1478,49.267,Right,1.4645,165.45,ear,453.00,588.81
1479,49.300,Left,1.0889,165.40,ear,1040.06,492.83
1479,49.300,Right,1.4418,165.40,ear,449.26,588.95
1480,49.333,Left,1.0848,165.23,ear,1040.78,494.23
1480,49.333,Right,1.4164,165.23,ear,450.93,599.41
1481,49.367,Left,1.0772,165.06,ear,1039.32,494.32
1481,49.367,Right,1.4502,165.06,ear,445.08,600.12
1482,49.400,Left,1.0751,164.74,ear,1039.07,494.08
1482,49.400,Right,1.4836,164.74,ear,441.06,600.71
1483,49.433,Left,1.0659,164.73,ear,1036.69,494.06
1483,49.433,Right,1.5126,164.73,ear,438.81,604.74
1484,49.467,Left,1.0679,164.85,ear,1036.56,494.23
1484,49.467,Right,1.5680,164.85,ear,447.00,602.65
1485,49.500,Left,1.0685,163.56,ear,1036.00,495.01
1485,49.500,Right,1.5667,163.56,ear,437.88,603.20
1486,49.533,Left,1.0647,162.96,ear,1035.92,494.54
1486,49.533,Right,1.5172,162.96,ear,425.45,596.19
1487,49.567,Left,1.0721,163.27,ear,1035.79,495.36
1487,49.567,Right,1.5738,163.27,ear,413.99,579.87
1488,49.600,Left,1.0758,163.36,ear,1035.95,495.73
1488,49.600,Right,1.9716,163.36,ear,413.18,564.21
1489,49.633,Left,1.0677,165.32,ear,1035.62,495.96
1489,49.633,Right,1.9449,165.32,ear,414.87,565.11
1490,49.667,Left,1.0771,167.53,ear,1036.50,496.54
1491,49.700,Left,1.0994,166.48,ear,1038.08,496.39
1492,49.733,Left,1.1086,167.05,ear,1038.84,496.23
1493,49.767,Left,1.1068,167.04,ear,1039.43,495.12
1494,49.800,Left,1.1210,167.08,ear,1041.59,495.57
1495,49.833,Left,1.1298,165.47,ear,1043.64,497.46
1496,49.867,Left,1.1232,165.98,ear,1043.23,496.53
1497,49.900,Left,1.1163,165.98,ear,1042.39,496.12
1498,49.933,Left,1.1309,166.17,ear,1043.47,497.89
1498,49.933,Right,2.1162,166.17,ear,221.52,500.74
1499,49.967,Left,1.0989,167.65,ear,1040.64,497.87
1499,49.967,Right,2.0671,167.65,ear,235.66,485.19
1500,50.000,Left,1.1201,168.25,ear,1040.05,498.82
1500,50.000,Right,2.0815,168.25,ear,241.91,480.17
1501,50.033,Left,1.1226,167.84,ear,1038.64,498.54
1501,50.033,Right,2.0516,167.84,ear,237.55,477.44
1502,50.067,Left,1.1085,168.87,ear,1038.72,499.62
1502,50.067,Right,1.9910,168.87,ear,244.65,471.74
1503,50.100,Left,1.1098,169.16,ear,1037.95,500.70
1503,50.100,Right,1.9586,169.16,ear,243.46,473.23
1504,50.133,Left,1.1227,169.33,ear,1039.50,500.31
1504,50.133,Right,1.9194,169.33,ear,247.06,471.72
1505,50.167,Left,1.1258,169.15,ear,1040.30,499.69
1505,50.167,Right,1.8627,169.15,ear,246.32,472.25
1506,50.200,Left,1.1374,168.11,ear,1043.41,498.48
1506,50.200,Right,1.8336,168.11,ear,246.77,472.35
1507,50.233,Left,1.1549,169.49,ear,1043.83,497.46
1507,50.233,Right,1.7858,169.49,ear,245.98,470.75
1508,50.267,Left,1.1911,169.40,ear,1048.32,498.97
1508,50.267,Right,1.7857,169.40,ear,244.68,472.34
1509,50.300,Left,1.2059,169.92,ear,1053.97,504.43
1509,50.300,Right,1.7872,169.92,ear,246.14,470.57
1510,50.333,Left,1.2652,169.74,ear,1055.06,520.59
1510,50.333,Right,1.7820,169.74,ear,244.66,469.30
1511,50.367,Left,1.4464,169.56,ear,1056.98,538.80
1511,50.367,Right,1.7814,169.56,ear,245.15,470.80
1512,50.400,Left,1.5528,169.38,ear,1055.08,558.60
1512,50.400,Right,1.7784,169.38,ear,243.71,468.34
1513,50.433,Left,1.7333,169.35,ear,1056.39,566.20
1513,50.433,Right,1.7562,169.35,ear,244.91,471.24
1514,50.467,Right,1.7597,168.20,ear,243.48,468.60
1515,50.500,Right,1.7772,167.32,ear,244.35,468.82
1516,50.533,Right,1.7651,166.00,ear,244.10,467.70
1517,50.567,Right,1.7804,164.90,ear,242.68,465.34
1518,50.600,Right,1.7896,163.91,ear,245.82,465.49
1519,50.633,Right,1.7842,164.45,ear,245.46,463.50
1520,50.667,Right,1.7818,163.80,ear,244.42,464.04
1521,50.700,Right,1.7878,163.67,ear,244.72,464.19
1522,50.733,Right,1.8073,160.87,ear,243.72,465.31
1523,50.767,Right,1.7839,161.68,ear,243.78,465.20
1524,50.800,Right,1.7555,162.65,ear,242.90,464.11
1525,50.833,Right,1.7660,161.88,ear,243.40,462.52
1526,50.867,Right,1.7472,161.70,ear,241.41,462.61
1526,50.867,Left,0.9447,161.70,ear,773.60,576.10
1527,50.900,Right,1.7286,162.49,ear,241.54,463.73
1527,50.900,Left,0.7983,162.49,ear,759.58,564.62
1528,50.933,Right,1.7076,162.99,ear,240.61,465.80
1528,50.933,Left,0.7887,162.99,ear,756.29,558.50
1529,50.967,Right,1.6934,164.49,ear,238.00,467.36
1529,50.967,Left,0.8782,164.49,ear,758.77,558.84
1530,51.000,Right,1.7003,164.28,ear,237.01,467.69
1530,51.000,Left,0.8582,164.28,ear,762.76,562.55
1531,51.033,Right,1.6885,166.13,ear,236.34,466.44
1531,51.033,Left,0.9484,166.13,ear,771.39,569.37
1532,51.067,Right,1.7110,164.65,ear,232.93,465.59
1532,51.067,Left,0.9678,164.65,ear,769.68,568.26
1533,51.100,Right,1.7049,165.54,ear,232.87,466.78
1533,51.100,Left,0.9260,165.54,ear,793.50,573.53
1534,51.133,Right,1.7019,165.00,ear,233.43,467.01
1534,51.133,Left,1.1776,165.00,ear,806.46,586.38
1535,51.167,Right,1.6928,164.10,ear,236.66,471.51
1536,51.200,Right,1.6875,164.23,ear,235.69,471.30
1537,51.233,Right,1.6603,163.70,ear,236.49,470.49
1538,51.267,Right,1.6725,163.90,ear,235.37,469.75
1539,51.300,Right,1.6716,163.28,ear,239.93,472.70
1540,51.333,Right,1.6781,160.72,ear,238.09,471.91
1541,51.367,Right,1.7087,159.49,ear,238.86,470.86
1541,51.367,Left,2.4984,159.49,ear,1040.14,518.97
1542,51.400,Right,1.6968,160.54,ear,239.57,471.74
1542,51.400,Left,2.3935,160.54,ear,1077.24,507.64
1543,51.433,Right,1.6874,161.24,ear,240.34,471.20
1543,51.433,Left,2.3845,161.24,ear,1094.35,485.86
1544,51.467,Right,1.6885,161.77,ear,239.05,472.32
1545,51.500,Right,1.6949,162.12,ear,238.06,471.22
1546,51.533,Right,1.6811,163.89,ear,238.47,471.30
1547,51.567,Right,1.6688,165.52,ear,239.40,469.79
1547,51.567,Left,2.0834,165.52,ear,1087.17,503.11
1548,51.600,Right,1.6463,167.78,ear,238.73,471.59
1548,51.600,Left,1.9527,167.78,ear,1098.11,483.23
1549,51.633,Right,1.6514,168.19,ear,240.98,471.99
1549,51.633,Left,1.8914,168.19,ear,1102.76,478.79
1550,51.667,Right,1.6325,169.46,ear,240.51,473.38
1550,51.667,Left,1.8598,169.46,ear,1105.83,478.99
1551,51.700,Right,1.6282,171.49,ear,239.78,474.48
1551,51.700,Left,1.7879,171.49,ear,1105.40,479.21
1552,51.733,Right,1.6260,172.36,ear,238.80,474.33
1552,51.733,Left,1.7174,172.36,ear,1104.11,480.79
1553,51.767,Right,1.6256,172.40,ear,238.90,475.86
1553,51.767,Left,1.6637,172.40,ear,1102.20,482.68
1554,51.800,Right,1.6246,173.41,ear,238.92,473.18
1554,51.800,Left,1.6173,173.41,ear,1097.10,481.82
1555,51.833,Right,1.6207,173.96,ear,240.59,472.68
1555,51.833,Left,1.5973,173.96,ear,1096.22,484.62
1556,51.867,Right,1.6055,174.17,ear,241.62,473.04
1556,51.867,Left,1.5793,174.17,ear,1094.07,484.28
1557,51.900,Right,1.6046,174.79,ear,242.03,473.29
1557,51.900,Left,1.5808,174.79,ear,1093.94,484.36
1558,51.933,Right,1.6148,175.47,ear,242.26,473.36
1558,51.933,Left,1.5543,175.47,ear,1092.90,485.44
1559,51.967,Right,1.6095,175.58,ear,242.98,472.02
1559,51.967,Left,1.5391,175.58,ear,1092.33,483.61
1560,52.000,Right,1.6158,175.29,ear,243.67,471.82
1560,52.000,Left,1.5302,175.29,ear,1090.69,483.11
1561,52.033,Right,1.6258,175.09,ear,243.81,472.05
1561,52.033,Left,1.5347,175.09,ear,1089.70,483.30
1562,52.067,Right,1.6216,176.53,ear,242.83,471.44
1562,52.067,Left,1.4975,176.53,ear,1089.03,484.41
1563,52.100,Right,1.6228,176.36,ear,241.90,470.23
1563,52.100,Left,1.5003,176.36,ear,1090.16,485.04
1564,52.133,Right,1.6203,176.64,ear,242.33,469.63
1564,52.133,Left,1.4984,176.64,ear,1091.52,484.55
1565,52.167,Right,1.6188,176.83,ear,239.41,473.11
1565,52.167,Left,1.5027,176.83,ear,1091.30,484.51
1566,52.200,Right,1.6064,178.96,ear,239.86,474.43
1566,52.200,Left,1.4786,178.96,ear,1090.15,485.24
1567,52.233,Right,1.6069,179.53,ear,239.12,474.30
1567,52.233,Left,1.4826,179.53,ear,1089.95,484.76
1568,52.267,Right,1.6124,179.84,ear,238.08,474.41
1568,52.267,Left,1.4827,179.84,ear,1091.78,483.72
1569,52.300,Right,1.6211,179.77,ear,237.58,475.43
1569,52.300,Left,1.4698,179.77,ear,1091.71,483.20
1570,52.333,Right,1.6285,179.71,ear,237.30,475.81
1570,52.333,Left,1.4801,179.71,ear,1092.52,485.61
1571,52.367,Right,1.6703,179.08,ear,237.75,475.40
1571,52.367,Left,1.4707,179.08,ear,1094.19,486.64
1572,52.400,Right,1.6637,179.84,ear,237.77,476.53
1572,52.400,Left,1.4392,179.84,ear,1094.40,486.79
1573,52.433,Right,1.6626,179.79,ear,235.87,475.81
1573,52.433,Left,1.3991,179.79,ear,1091.70,488.69
1574,52.467,Right,1.6705,179.34,ear,236.20,476.20
1574,52.467,Left,1.3311,179.34,ear,1090.54,485.57
1575,52.500,Right,1.6290,183.58,ear,236.73,474.26
1575,52.500,Left,1.2324,183.58,ear,1089.15,486.78
1576,52.533,Right,1.5839,183.24,ear,241.66,474.10
1576,52.533,Left,1.1915,183.24,ear,1084.20,490.33
1577,52.567,Right,1.5415,181.77,ear,257.02,476.23
1577,52.567,Left,1.1637,181.77,ear,1070.01,491.74
1578,52.600,Right,1.4949,178.54,ear,257.99,478.33
1578,52.600,Left,1.1616,178.54,ear,1063.07,499.95
1579,52.633,Right,1.3947,177.45,ear,275.89,490.06
1579,52.633,Left,1.0849,177.45,ear,1054.66,513.81
1580,52.667,Right,1.3317,174.90,ear,301.90,516.73
1580,52.667,Left,1.0718,174.90,ear,1040.52,530.56
1581,52.700,Right,1.1689,174.70,ear,302.83,534.96
1581,52.700,Left,1.0944,174.70,ear,1032.71,540.75
1582,52.733,Right,0.9993,173.54,ear,316.79,550.53
1582,52.733,Left,1.0754,173.54,ear,1015.64,560.65
1583,52.767,Right,0.8536,172.47,ear,333.97,575.55
1583,52.767,Left,0.8373,172.47,ear,995.04,591.37
1584,52.800,Right,0.8338,173.12,ear,378.73,635.92
1584,52.800,Left,0.6656,173.12,ear,977.17,610.22
1585,52.833,Left,0.3855,169.96,ear,946.83,635.29
1586,52.867,Left,0.4892,168.77,ear,929.82,666.19
1587,52.900,Left,0.3249,165.18,ear,887.40,679.22
1597,53.233,Left,1.6999,156.28,ear,699.12,692.19
1610,53.667,Right,2.8101,162.90,ear,143.93,533.03
1611,53.700,Right,3.0536,162.08,ear,112.46,528.27
1612,53.733,Right,3.1453,161.10,ear,117.52,528.63
1613,53.767,Right,3.1854,160.46,ear,113.31,529.55
1614,53.800,Right,3.2229,158.78,ear,109.23,527.66
1615,53.833,Right,3.2991,159.24,ear,114.99,528.32
1616,53.867,Right,3.2207,159.04,ear,115.95,530.42
1617,53.900,Right,3.2591,158.25,ear,120.64,532.49
1618,53.933,Right,3.2694,157.73,ear,111.45,529.08
1619,53.967,Right,3.2029,158.37,ear,110.64,530.03
1620,54.000,Right,3.2499,157.73,ear,111.74,524.69
1621,54.033,Right,3.2261,157.56,ear,113.23,522.18
1622,54.067,Right,3.1611,157.82,ear,113.82,517.70
1623,54.100,Right,3.1588,158.29,ear,123.01,515.65
1624,54.133,Right,3.1203,158.25,ear,123.48,511.71
1625,54.167,Right,3.0694,157.91,ear,121.93,509.60
1626,54.200,Right,3.0715,157.74,ear,130.26,510.92
1627,54.233,Right,3.0179,158.04,ear,136.15,511.18
1628,54.267,Right,2.9351,158.39,ear,139.29,509.20
1629,54.300,Right,2.8150,159.36,ear,148.22,504.00
1630,54.333,Right,2.6306,160.41,ear,166.04,503.24
1631,54.367,Right,2.4559,161.23,ear,166.15,500.11
1632,54.400,Right,2.2829,165.52,ear,186.54,501.30
1632,54.400,Left,1.9048,165.52,ear,1194.60,492.96
1633,54.433,Right,2.1986,166.12,ear,200.37,491.65
1633,54.433,Left,1.6997,166.12,ear,1169.16,485.18
1634,54.467,Right,2.0578,166.70,ear,227.30,484.83
1634,54.467,Left,1.5633,166.70,ear,1127.29,477.58
1635,54.500,Right,1.9620,168.41,ear,245.42,480.22
1635,54.500,Left,1.3704,168.41,ear,1105.84,468.28
1636,54.533,Right,1.6527,168.90,ear,264.96,473.46
1636,54.533,Left,1.2909,168.90,ear,1085.20,462.40
1637,54.567,Right,1.5221,169.31,ear,287.28,476.34
1637,54.567,Left,1.2100,169.31,ear,1065.77,456.94
1638,54.600,Right,1.4520,170.87,ear,301.56,478.12
1638,54.600,Left,1.1316,170.87,ear,1045.70,448.19
1639,54.633,Right,1.3780,171.98,ear,318.36,473.21
1639,54.633,Left,1.0486,171.98,ear,1032.56,451.62
1640,54.667,Right,1.3623,171.95,ear,324.84,470.40
1640,54.667,Left,1.0254,171.95,ear,1020.44,452.88
1641,54.700,Right,1.2621,172.44,ear,329.77,468.14
1641,54.700,Left,1.0048,172.44,ear,1008.09,454.35
1642,54.733,Right,1.2178,171.91,ear,355.21,474.94
1642,54.733,Left,0.9932,171.91,ear,1004.23,458.96
1643,54.767,Right,1.1990,171.15,ear,345.16,480.30
1643,54.767,Left,0.9696,171.15,ear,1000.50,459.71
1644,54.800,Right,1.1680,168.51,ear,351.05,477.19
1644,54.800,Left,0.9931,168.51,ear,998.44,462.61
1645,54.833,Right,1.1577,169.22,ear,349.83,470.70
1645,54.833,Left,1.0067,169.22,ear,996.03,463.85
1646,54.867,Right,1.1712,168.80,ear,350.20,465.16
1646,54.867,Left,1.0419,168.80,ear,996.95,463.20
1647,54.900,Right,1.1823,168.50,ear,353.25,465.06
1647,54.900,Left,1.0705,168.50,ear,997.33,461.06
1648,54.933,Right,1.2130,168.57,ear,351.40,460.83
1648,54.933,Left,1.0813,168.57,ear,998.96,461.46
1649,54.967,Right,1.2372,168.54,ear,354.76,460.76
1649,54.967,Left,1.0759,168.54,ear,1001.64,461.92
1650,55.000,Right,1.2329,168.32,ear,348.21,455.19
1650,55.000,Left,1.0764,168.32,ear,999.68,461.15
1651,55.033,Right,1.2117,167.96,ear,348.92,454.17
1651,55.033,Left,1.0848,167.96,ear,1000.43,462.21
1652,55.067,Right,1.2062,168.25,ear,350.79,453.86
1652,55.067,Left,1.0830,168.25,ear,1001.91,460.99
1653,55.100,Right,1.2026,167.76,ear,352.83,456.14
1653,55.100,Left,1.0720,167.76,ear,1000.73,458.60
1654,55.133,Right,1.1849,168.72,ear,350.98,453.96
1654,55.133,Left,1.0849,168.72,ear,1001.10,453.09
1655,55.167,Right,1.1795,169.02,ear,346.19,448.76
1655,55.167,Left,1.0908,169.02,ear,1008.14,450.69
1656,55.200,Right,1.2128,169.27,ear,334.55,445.79
1656,55.200,Left,1.1174,169.27,ear,1016.09,443.57
1657,55.233,Right,1.2673,169.26,ear,326.89,444.81
1657,55.233,Left,1.1421,169.26,ear,1024.40,437.95
1658,55.267,Right,1.3376,170.89,ear,316.63,441.11
1658,55.267,Left,1.1531,170.89,ear,1038.45,441.41
1659,55.300,Right,1.4170,171.89,ear,297.32,437.45
1659,55.300,Left,1.1918,171.89,ear,1056.22,446.87
1660,55.333,Right,1.5378,173.78,ear,288.31,435.21
1660,55.333,Left,1.2126,173.78,ear,1071.93,454.74
1661,55.367,Right,1.6288,174.74,ear,250.44,441.96
1661,55.367,Left,1.2536,174.74,ear,1088.22,464.53
1662,55.400,Right,1.8515,174.52,ear,225.58,452.16
1662,55.400,Left,1.3506,174.52,ear,1108.69,472.95
1663,55.433,Right,2.0537,175.21,ear,211.44,468.20
1663,55.433,Left,1.5097,175.21,ear,1144.00,485.13
1664,55.467,Right,2.0574,174.74,ear,184.73,487.17
1664,55.467,Left,1.6807,174.74,ear,1168.47,505.46
1665,55.500,Right,2.4158,174.58,ear,151.85,498.28
1665,55.500,Left,1.8481,174.58,ear,1191.50,512.28
1666,55.533,Right,2.5572,173.59,ear,108.61,528.65
1666,55.533,Left,2.0583,173.59,ear,1208.01,521.71
1667,55.567,Right,2.8558,172.27,ear,87.48,555.56
1667,55.567,Left,2.3045,172.27,ear,1248.58,535.35
1668,55.600,Right,2.9127,171.85,ear,66.84,565.54
1669,55.633,Right,3.1826,170.20,ear,53.75,577.22
1670,55.667,Right,3.2369,170.33,ear,51.28,598.48
1671,55.700,Right,3.2283,169.86,ear,56.69,622.48
1672,55.733,Right,3.2296,169.24,ear,49.61,631.16
1673,55.767,Right,3.2208,168.79,ear,48.21,632.37
1674,55.800,Right,3.2573,168.40,ear,47.77,639.22
1675,55.833,Right,3.2491,167.86,ear,56.24,631.74
1676,55.867,Right,3.2347,167.08,ear,48.01,637.36
1677,55.900,Right,3.2398,166.91,ear,53.13,633.31
1678,55.933,Right,3.2532,166.77,ear,51.23,627.88
1679,55.967,Right,3.2124,167.05,ear,57.85,638.72
1680,56.000,Right,3.2202,167.72,ear,55.66,631.14
1681,56.033,Right,3.1957,167.62,ear,46.65,636.37
1682,56.067,Right,3.1815,167.68,ear,42.82,626.94
1683,56.100,Right,3.1424,167.56,ear,43.92,626.29
1684,56.133,Right,3.1561,167.50,ear,41.18,620.38
1685,56.167,Right,3.1379,166.19,ear,43.15,624.14
1686,56.200,Right,2.9948,165.68,ear,40.16,617.82
1687,56.233,Right,2.8490,164.82,ear,64.63,614.32
1688,56.267,Right,2.6960,163.75,ear,72.58,585.97
1689,56.300,Right,2.4955,164.79,ear,80.02,564.90
1690,56.333,Right,2.3370,164.97,ear,80.13,551.16
1691,56.367,Right,2.3209,165.02,ear,85.32,549.30
1692,56.400,Right,2.1937,166.57,ear,81.45,534.87
1693,56.433,Right,2.0507,168.44,ear,125.22,507.94
1694,56.467,Right,2.0225,168.52,ear,127.88,484.41
1694,56.467,Left,1.9992,168.52,ear,1131.44,497.11
1695,56.500,Right,2.0150,168.84,ear,136.74,474.01
1695,56.500,Left,1.9851,168.84,ear,1118.10,491.86
1696,56.533,Right,2.0280,169.02,ear,141.08,455.06
1696,56.533,Left,1.9535,169.02,ear,1109.64,477.91
1697,56.567,Right,2.0285,170.10,ear,146.42,443.44
1697,56.567,Left,1.9298,170.10,ear,1102.94,467.10
1698,56.600,Right,1.9991,172.21,ear,146.82,431.91
1698,56.600,Left,1.8714,172.21,ear,1101.17,465.24
1699,56.633,Right,2.0454,172.29,ear,145.18,422.25
1699,56.633,Left,1.8578,172.29,ear,1098.17,457.20
1700,56.667,Right,2.0793,172.93,ear,144.29,419.57
1700,56.667,Left,1.8338,172.93,ear,1099.60,453.13
1701,56.700,Right,2.0920,173.00,ear,139.84,417.13
1701,56.700,Left,1.8318,173.00,ear,1096.93,451.53
1702,56.733,Right,2.0855,173.16,ear,137.95,415.53
1702,56.733,Left,1.8264,173.16,ear,1098.49,451.63
1703,56.767,Right,2.1296,172.95,ear,136.71,415.91
1703,56.767,Left,1.8395,172.95,ear,1097.96,450.89
1704,56.800,Right,2.1426,173.86,ear,140.82,416.55
1704,56.800,Left,1.8171,173.86,ear,1096.87,448.33
1705,56.833,Right,2.1167,173.62,ear,140.00,416.26
1705,56.833,Left,1.8083,173.62,ear,1100.85,444.94
1706,56.867,Right,2.0805,173.75,ear,142.00,418.86
1706,56.867,Left,1.8053,173.75,ear,1100.61,439.90
1707,56.900,Right,2.0290,173.93,ear,154.85,420.39
1707,56.900,Left,1.7910,173.93,ear,1096.49,448.56
1708,56.933,Right,1.9712,173.11,ear,172.75,414.46
1708,56.933,Left,1.7651,173.11,ear,1099.06,447.19
1709,56.967,Right,1.9253,174.01,ear,184.67,413.12
1709,56.967,Left,1.7170,174.01,ear,1088.78,453.83
1710,57.000,Right,1.8943,173.76,ear,222.11,424.68
1710,57.000,Left,1.6918,173.76,ear,1075.84,448.08
1711,57.033,Right,1.8081,173.36,ear,244.28,428.18
1711,57.033,Left,1.6233,173.36,ear,1050.26,442.55
1712,57.067,Right,1.6724,173.69,ear,269.29,430.32
1712,57.067,Left,1.4238,173.69,ear,1037.58,456.06
1713,57.100,Right,1.6732,174.06,ear,272.88,430.25
1713,57.100,Left,1.4076,174.06,ear,1038.37,457.31
1714,57.133,Right,1.5176,174.23,ear,300.95,441.60
1714,57.133,Left,1.2262,174.23,ear,1009.75,462.53
1715,57.167,Right,1.3510,172.83,ear,368.16,462.43
1716,57.200,Right,1.1084,169.35,ear,371.69,469.91
1717,57.233,Right,0.7705,171.22,ear,388.39,485.81
1717,57.233,Left,0.4347,171.22,ear,884.97,481.68
1718,57.267,Right,0.5919,169.31,ear,470.40,498.83
1719,57.300,Right,0.5201,163.51,ear,501.48,519.58
1720,57.333,Right,0.5389,154.82,ear,525.23,510.22
1721,57.367,Right,0.4833,153.47,ear,534.80,525.09
1722,57.400,Right,0.4912,144.49,ear,541.31,529.90
1723,57.433,Right,0.5199,134.50,ear,543.32,526.78
1724,57.467,Right,0.5785,135.47,ear,546.20,527.97
1725,57.500,Right,0.5240,135.68,ear,549.05,529.71
1726,57.533,Right,0.5300,138.95,ear,547.97,528.34
1727,57.567,Right,0.6126,136.64,ear,545.86,526.64
1727,57.567,Left,0.5077,136.64,ear,801.21,520.29
1728,57.600,Right,0.5956,136.74,ear,535.45,532.52
1728,57.600,Left,0.3688,136.74,ear,803.93,513.71
1729,57.633,Right,0.4628,129.46,ear,522.47,529.65
1729,57.633,Left,0.2362,129.46,ear,824.16,517.18
1730,57.667,Right,0.5334,130.78,ear,506.30,524.57
1730,57.667,Left,0.3573,130.78,ear,842.22,511.88
1731,57.700,Right,0.4994,147.82,ear,472.83,522.10
1731,57.700,Left,0.3021,147.82,ear,881.62,527.09
1732,57.733,Right,0.4886,157.30,ear,446.87,515.24
1732,57.733,Left,0.3546,157.30,ear,896.47,480.88
1733,57.767,Right,0.6683,160.26,ear,413.89,509.27
1733,57.767,Left,0.8673,160.26,ear,955.55,486.38
1734,57.800,Right,0.9614,164.42,ear,369.54,509.86
1735,57.833,Right,0.9753,166.14,ear,363.32,507.32
1736,57.867,Right,1.1168,166.95,ear,339.65,512.89
1737,57.900,Right,1.3638,167.82,ear,262.78,509.44
1738,57.933,Right,1.5619,167.84,ear,221.65,518.50
1739,57.967,Right,1.7802,168.37,ear,167.22,520.09
1740,58.000,Right,1.9350,168.28,ear,130.84,511.04
1741,58.033,Right,2.1030,168.67,ear,110.17,516.58
1742,58.067,Right,2.1537,168.38,ear,99.63,510.00
1743,58.100,Right,2.1292,168.21,ear,99.56,506.89
1744,58.133,Right,2.1336,167.90,ear,101.56,507.01
1745,58.167,Right,2.1131,168.46,ear,103.20,504.58
1746,58.200,Right,2.1006,167.79,ear,100.38,503.97
1747,58.233,Right,2.0928,167.81,ear,100.34,505.25
1748,58.267,Right,2.0605,168.04,ear,105.71,506.01
1749,58.300,Right,2.0429,166.92,ear,113.69,507.06
1750,58.333,Right,2.0376,167.19,ear,115.49,506.35
1751,58.367,Right,2.0128,166.66,ear,113.31,505.79
1752,58.400,Right,1.9795,167.45,ear,116.67,508.80
1753,58.433,Right,1.9586,166.77,ear,113.10,515.90
1754,58.467,Right,1.9812,166.92,ear,107.15,522.06
1755,58.500,Right,2.0617,167.27,ear,108.37,525.60
1756,58.533,Right,2.4065,164.59,ear,97.90,532.64
1757,58.567,Right,2.6088,164.25,ear,101.26,546.80
1758,58.600,Right,2.5599,163.99,ear,100.11,541.66
1759,58.633,Right,2.8580,164.05,ear,72.83,536.92
1926,64.200,Right,1.0567,176.39,ear,506.03,173.89
1927,64.233,Right,1.0664,172.58,ear,496.71,178.55
1928,64.267,Right,1.0992,172.08,ear,512.73,176.53
1929,64.300,Right,1.2253,168.23,ear,523.45,171.35
1930,64.333,Right,1.0962,166.16,ear,541.77,172.34
1931,64.367,Right,1.0657,164.32,ear,554.59,180.68
1932,64.400,Right,0.9561,162.35,ear,568.05,194.44
1934,64.467,Left,0.6123,158.36,ear,591.72,229.32
1935,64.500,Left,0.7557,155.61,ear,583.87,225.45
1936,64.533,Left,0.7442,155.07,ear,589.32,238.31
1937,64.567,Right,0.7123,154.71,ear,589.91,249.69
1938,64.600,Right,0.7705,153.46,ear,580.88,248.94
1939,64.633,Right,0.7463,152.77,ear,583.97,249.89
1940,64.667,Right,0.7738,152.22,ear,580.75,245.72
1941,64.700,Right,0.7961,151.86,ear,579.26,242.36
1942,64.733,Right,0.7720,152.05,ear,582.09,244.94
1943,64.767,Right,0.7993,152.38,ear,578.66,242.88
1944,64.800,Right,0.8098,152.34,ear,578.42,242.18
1945,64.833,Right,0.8102,152.21,ear,580.33,239.98
1946,64.867,Right,0.8124,152.36,ear,579.01,239.65
1947,64.900,Right,0.8054,150.83,ear,579.91,238.35
1948,64.933,Right,0.7983,150.12,ear,580.25,238.56
1949,64.967,Right,0.8030,149.66,ear,580.14,238.77
1950,65.000,Right,0.8092,150.13,ear,577.62,238.69
1951,65.033,Right,0.8161,149.79,ear,578.03,236.01
1952,65.067,Right,0.8097,149.92,ear,577.99,237.44
1953,65.100,Right,0.8266,150.20,ear,576.08,235.94
1954,65.133,Right,0.8277,150.19,ear,576.20,235.22
1955,65.167,Right,0.8306,150.04,ear,575.87,234.76
1956,65.200,Right,0.8737,149.55,ear,570.76,229.61
1957,65.233,Right,0.8973,149.81,ear,568.77,219.27
1958,65.267,Right,0.9841,149.83,ear,562.79,208.35
2009,66.967,Left,1.0628,174.60,ear,982.14,210.25
2010,67.000,Left,1.0349,174.41,ear,971.78,218.82
2011,67.033,Left,0.9969,174.82,ear,957.56,218.17
2036,67.867,Left,0.4618,172.07,ear,940.23,280.58
2037,67.900,Right,0.4780,170.66,ear,935.29,283.41
2038,67.933,Left,0.7824,175.83,ear,933.35,295.45
2330,77.667,Left,0.9584,175.69,ear,989.26,680.84
2331,77.700,Left,0.6834,175.09,ear,964.01,654.89
2332,77.733,Left,0.4329,172.92,ear,936.48,626.10
2333,77.767,Left,0.3273,174.65,ear,900.25,600.37
2334,77.800,Left,0.3509,169.06,ear,872.75,572.71
2335,77.833,Left,0.3041,169.42,ear,853.34,558.30
2336,77.867,Left,0.2585,170.95,ear,847.16,556.33
2337,77.900,Left,0.2608,169.26,ear,843.54,556.83
2338,77.933,Left,0.2539,167.90,ear,836.27,556.73
2339,77.967,Left,0.2067,167.42,ear,832.79,557.05
2340,78.000,Left,0.2460,166.02,ear,833.02,558.22
2341,78.033,Left,0.2044,166.78,ear,814.09,555.25
2342,78.067,Left,0.2263,171.25,ear,811.48,558.10
2343,78.100,Left,0.2109,173.44,ear,794.30,557.04
2344,78.133,Left,0.2424,168.61,ear,779.05,566.24
2345,78.167,Left,0.2776,164.67,ear,780.83,572.61
2346,78.200,Left,0.3125,164.09,ear,767.35,578.92
2347,78.233,Left,0.3960,158.66,ear,761.27,579.26
2348,78.267,Left,0.5424,154.73,ear,745.03,578.11
2349,78.300,Left,0.4518,154.70,ear,746.04,577.30
2350,78.333,Left,0.5660,157.17,ear,747.47,578.87
2351,78.367,Left,0.4781,159.90,ear,747.67,573.88
2352,78.400,Left,0.4916,161.54,ear,747.02,577.33
2353,78.433,Left,0.4913,160.64,ear,748.31,576.33
2354,78.467,Left,1.1991,169.02,ear,753.01,535.95
2355,78.500,Left,1.1328,167.99,ear,729.69,527.01
2356,78.533,Left,1.0655,167.81,ear,733.72,516.05
2357,78.567,Left,1.0023,166.04,ear,737.99,505.06
2358,78.600,Left,0.8424,165.78,ear,748.83,479.93
2359,78.633,Left,0.7607,168.74,ear,745.97,470.43
2360,78.667,Right,0.6587,168.76,ear,739.68,455.11
2361,78.700,Left,0.6259,170.76,ear,738.04,452.66
2362,78.733,Left,0.6382,168.79,ear,736.99,452.68
2363,78.767,Left,0.6309,165.49,ear,744.57,445.01
2364,78.800,Left,0.6798,166.75,ear,750.68,447.02
2365,78.833,Left,0.8503,162.82,ear,761.10,459.90
3024,100.800,Right,2.3018,169.90,ear,196.82,367.37
3025,100.833,Right,2.2560,167.77,ear,220.77,363.10
3026,100.867,Right,2.2613,167.77,ear,217.51,363.98
3027,100.900,Right,2.2922,166.22,ear,215.43,372.37
3028,100.933,Right,2.2456,168.27,ear,212.84,374.59
3029,100.967,Right,2.1817,171.65,ear,215.47,371.43
3030,101.000,Right,2.1671,168.79,ear,218.29,368.02
3031,101.033,Right,2.1195,170.87,ear,219.57,367.23
3032,101.067,Right,2.1377,167.97,ear,222.38,364.82
3033,101.100,Right,2.0887,167.45,ear,219.74,364.74
3034,101.133,Right,1.9946,170.52,ear,220.55,362.92
3035,101.167,Right,1.9640,169.76,ear,224.34,361.90
3036,101.200,Right,1.8962,169.64,ear,228.02,365.85
3037,101.233,Right,1.8466,172.97,ear,231.39,367.25
3038,101.267,Right,1.8300,172.40,ear,234.21,366.09
3039,101.300,Right,1.8276,174.18,ear,235.86,366.66
3040,101.333,Right,1.7998,174.55,ear,241.59,368.19
3041,101.367,Right,1.7551,174.43,ear,248.17,369.93
3042,101.400,Right,1.7628,174.59,ear,250.25,370.10
3043,101.433,Right,1.7434,174.86,ear,250.77,368.88
3044,101.467,Right,1.7174,175.13,ear,255.13,368.99
3045,101.500,Right,1.7294,175.13,ear,260.42,368.84
3046,101.533,Right,1.7067,174.70,ear,267.29,368.01
3047,101.567,Right,1.7010,174.27,ear,269.17,367.71
3048,101.600,Right,1.6870,173.82,ear,270.76,370.29
3049,101.633,Right,1.6746,174.30,ear,275.08,371.86
3050,101.667,Right,1.6742,174.59,ear,274.67,371.68
3051,101.700,Right,1.6428,175.50,ear,276.67,371.78
3052,101.733,Right,1.6499,176.57,ear,279.12,369.68
3053,101.767,Right,1.6482,176.54,ear,281.51,371.86
3054,101.800,Right,1.6382,176.72,ear,283.56,371.55
3055,101.833,Right,1.6629,176.57,ear,284.60,371.61
3056,101.867,Right,1.6408,176.86,ear,290.94,370.96
3057,101.900,Right,1.6301,174.55,ear,299.34,374.27
3058,101.933,Right,1.5997,175.03,ear,305.44,373.75
3059,101.967,Right,1.5459,173.06,ear,317.51,376.97
3060,102.000,Right,1.4652,172.23,ear,332.21,380.62
3061,102.033,Right,1.0758,172.16,ear,358.95,387.02
3062,102.067,Right,0.8013,172.69,ear,390.19,410.15
3063,102.100,Right,0.8042,171.77,ear,378.22,415.41
3064,102.133,Right,0.9521,170.26,ear,355.48,427.06
3065,102.167,Right,1.0214,169.76,ear,365.21,416.12
3066,102.200,Right,1.1685,169.53,ear,374.06,450.61
3067,102.233,Right,1.0858,168.68,ear,375.85,439.87
3067,102.233,Left,1.0432,168.68,ear,535.84,355.62
3068,102.267,Right,1.0962,168.36,ear,377.84,441.02
3068,102.267,Right,1.0567,168.36,ear,530.31,356.63
3069,102.300,Right,1.1023,167.96,ear,374.49,435.57
3070,102.333,Right,0.9532,166.90,ear,378.47,435.07
3071,102.367,Right,0.8351,166.52,ear,375.56,426.32
3072,102.400,Right,0.8636,166.26,ear,353.49,425.99
3073,102.433,Right,0.9743,165.86,ear,355.74,433.45
3074,102.467,Right,1.1925,165.50,ear,316.38,416.28
3075,102.500,Right,1.4279,164.61,ear,307.28,412.63
3076,102.533,Right,1.4891,163.27,ear,309.80,407.11
3077,102.567,Right,1.6682,160.74,ear,291.56,390.66
3078,102.600,Right,1.9110,161.91,ear,264.79,378.94
3079,102.633,Right,2.2784,161.78,ear,269.40,369.23
3080,102.667,Right,2.3827,161.71,ear,237.70,374.25
3081,102.700,Right,2.9506,160.66,ear,215.31,358.64
3082,102.733,Right,3.0948,160.73,ear,212.43,378.39
3092,103.067,Right,3.0017,164.20,ear,120.84,361.03
3093,103.100,Right,2.8897,164.02,ear,177.59,359.06
3094,103.133,Right,2.6854,164.09,ear,194.80,367.52
3095,103.167,Right,2.4338,164.70,ear,190.34,385.44
3096,103.200,Right,2.1908,166.98,ear,186.32,388.62
3097,103.233,Right,1.4607,167.00,ear,190.94,405.01
3098,103.267,Right,1.4250,167.31,ear,198.87,417.81
3099,103.300,Right,1.3525,166.91,ear,182.40,414.17
3100,103.333,Right,1.4528,166.56,ear,170.92,419.56
3101,103.367,Right,1.4827,168.88,ear,258.52,551.21
3118,103.933,Right,2.3201,169.69,ear,143.03,345.51
3119,103.967,Right,2.3071,169.37,ear,161.12,361.87
3120,104.000,Right,2.2707,169.60,ear,166.86,374.72
3121,104.033,Right,2.2820,170.44,ear,164.58,391.12
3122,104.067,Right,2.2866,170.95,ear,165.70,402.50
3123,104.100,Right,2.3523,170.87,ear,165.28,417.03
3124,104.133,Right,2.4792,171.79,ear,160.25,428.31
3125,104.167,Right,2.5977,171.99,ear,172.28,450.13
3153,105.100,Right,2.7256,166.72,ear,178.71,381.69
3154,105.133,Right,2.5962,167.62,ear,207.58,376.87
3155,105.167,Right,2.3828,168.07,ear,212.76,379.08
3156,105.200,Right,2.2615,167.49,ear,213.79,374.16
3157,105.233,Right,2.1479,167.39,ear,203.11,363.78
3158,105.267,Right,2.0353,169.18,ear,203.61,355.90
3159,105.300,Right,1.9378,166.77,ear,202.90,354.46
3160,105.333,Right,1.8856,169.39,ear,209.62,362.78
3160,105.333,Right,1.3097,169.39,ear,1137.52,658.12
3161,105.367,Right,1.9020,168.74,ear,215.99,368.91
3161,105.367,Left,1.1765,168.74,ear,1118.54,626.23
3162,105.400,Right,1.8550,169.79,ear,221.24,372.80
3162,105.400,Left,1.1476,169.79,ear,1100.89,597.47
3163,105.433,Right,1.8495,169.28,ear,225.31,378.73
3163,105.433,Left,1.1893,169.28,ear,1090.21,567.34
3164,105.467,Right,1.8165,169.53,ear,227.49,381.21
3164,105.467,Left,1.2496,169.53,ear,1078.08,542.12
3165,105.500,Right,1.7322,168.36,ear,218.32,388.98
3165,105.500,Left,2.0349,168.36,ear,1072.82,533.93
3166,105.533,Right,1.7708,165.13,ear,217.11,399.33
3166,105.533,Right,2.3247,165.13,ear,1033.78,545.15
3167,105.567,Right,1.7448,163.77,ear,228.34,396.19
3167,105.567,Left,2.2901,163.77,ear,1088.04,581.87
3168,105.600,Right,1.6827,160.44,ear,229.41,410.76
3168,105.600,Left,1.9159,160.44,ear,1075.86,570.98
3169,105.633,Right,1.5933,161.24,ear,239.76,411.43
3169,105.633,Left,1.8321,161.24,ear,1075.24,552.13
3170,105.667,Right,1.4610,161.90,ear,235.80,417.87
3171,105.700,Right,1.3697,166.67,ear,227.22,431.45
3172,105.733,Right,1.3108,169.43,ear,215.31,435.74
3173,105.767,Right,1.3065,169.47,ear,198.74,433.83
3173,105.767,Left,1.2660,169.47,ear,310.46,574.84
3174,105.800,Right,1.3778,171.29,ear,188.12,441.95
3174,105.800,Left,1.4523,171.29,ear,298.71,601.09
3175,105.833,Right,1.3832,172.57,ear,192.31,433.54
3175,105.833,Left,1.3826,172.57,ear,300.08,608.33
3176,105.867,Right,1.3306,174.09,ear,203.42,422.63
3176,105.867,Left,1.3721,174.09,ear,309.84,602.20
3177,105.900,Right,1.3585,174.24,ear,217.61,417.04
3177,105.900,Left,1.3805,174.24,ear,301.99,609.33
3178,105.933,Right,1.2984,173.97,ear,233.12,415.59
3178,105.933,Left,1.3154,173.97,ear,303.71,601.73
3179,105.967,Right,1.3072,175.24,ear,238.04,408.75
3179,105.967,Left,1.3691,175.24,ear,301.43,607.30
3180,106.000,Right,1.3318,175.37,ear,239.95,407.33
3180,106.000,Left,1.3973,175.37,ear,302.07,601.20
3181,106.033,Right,1.2989,176.16,ear,239.23,406.53
3182,106.067,Right,1.2851,174.54,ear,242.51,405.91
3182,106.067,Left,1.6761,174.54,ear,951.04,396.74
3183,106.100,Right,1.2735,176.31,ear,241.27,405.19
3183,106.100,Left,1.6683,176.31,ear,948.53,383.48
3184,106.133,Right,1.2648,175.93,ear,243.00,406.75
3184,106.133,Left,1.6915,175.93,ear,952.18,375.77
3185,106.167,Right,1.2331,178.10,ear,243.59,411.60
3185,106.167,Left,1.6464,178.10,ear,954.67,375.01
3186,106.200,Right,1.2337,180.81,ear,237.76,409.17
3186,106.200,Left,1.6359,180.81,ear,949.50,373.33
3187,106.233,Right,1.1280,182.00,ear,237.47,408.00
3187,106.233,Left,1.5912,182.00,ear,959.39,373.72
3188,106.267,Right,1.0826,180.00,ear,237.54,410.14
3188,106.267,Right,1.8208,180.00,ear,967.18,373.94
3189,106.300,Right,1.0595,179.82,ear,236.55,409.28
3190,106.333,Right,1.0651,179.45,ear,234.28,409.04
3190,106.333,Left,1.5514,179.45,ear,973.35,409.85
3191,106.367,Right,1.0755,179.53,ear,232.48,409.15
3191,106.367,Left,1.5235,179.53,ear,996.04,409.89
3192,106.400,Right,1.0661,179.70,ear,233.73,407.30
3193,106.433,Right,1.0297,179.95,ear,230.93,409.80
3194,106.467,Right,1.0325,179.64,ear,229.37,409.90
3195,106.500,Right,1.0385,179.12,ear,229.06,414.27
3195,106.500,Left,1.4058,179.12,ear,1036.14,392.12
3196,106.533,Right,1.0084,179.68,ear,230.30,416.32
3196,106.533,Left,1.3431,179.68,ear,1024.48,369.60
3197,106.567,Right,1.0133,180.35,ear,231.96,412.24
3198,106.600,Right,1.0092,181.16,ear,230.68,412.12
3199,106.633,Right,1.0013,183.17,ear,234.74,410.50
3199,106.633,Left,1.6417,183.17,ear,1013.86,475.29
3200,106.667,Right,1.0514,180.28,ear,232.01,411.93
3200,106.667,Left,1.6920,180.28,ear,1023.10,494.82
3201,106.700,Right,1.0632,178.72,ear,229.26,413.28
3201,106.700,Left,1.7292,178.72,ear,1029.73,477.31
3202,106.733,Right,1.0587,177.98,ear,230.09,415.36
3202,106.733,Left,1.9386,177.98,ear,1022.58,455.71
3203,106.767,Right,1.0738,177.54,ear,226.48,417.15
3203,106.767,Left,1.7319,177.54,ear,1023.19,443.87
3204,106.800,Right,1.1073,176.24,ear,226.84,418.53
3204,106.800,Left,1.7072,176.24,ear,1023.35,422.73
3205,106.833,Right,1.1086,176.09,ear,224.28,419.33
3205,106.833,Left,1.6086,176.09,ear,1023.10,402.55
3206,106.867,Right,1.1215,175.49,ear,221.47,415.16
3206,106.867,Left,1.4867,175.49,ear,1037.00,389.35
3207,106.900,Right,1.1132,176.64,ear,219.21,416.46
3207,106.900,Left,1.3956,176.64,ear,1045.94,372.35
3208,106.933,Right,1.1183,176.70,ear,220.93,416.74
3208,106.933,Left,1.4440,176.70,ear,1066.04,381.32
3209,106.967,Right,1.1135,175.89,ear,226.76,417.88
3209,106.967,Left,1.5347,175.89,ear,1093.24,381.80
3210,107.000,Right,1.0367,178.60,ear,227.86,416.58
3210,107.000,Left,1.5201,178.60,ear,1099.31,393.25
3211,107.033,Right,1.0383,178.80,ear,230.20,416.36
3211,107.033,Left,1.6685,178.80,ear,1113.98,416.51
3212,107.067,Right,1.0148,175.43,ear,228.71,411.56
3212,107.067,Left,1.8060,175.43,ear,1130.67,429.54
3213,107.100,Right,1.0462,173.52,ear,239.06,421.74
3214,107.133,Right,1.0720,171.16,ear,247.97,427.32
3215,107.167,Right,1.0604,171.80,ear,247.29,426.06
3216,107.200,Right,1.0822,169.58,ear,256.31,430.62
3217,107.233,Right,1.1041,168.48,ear,261.73,429.56
3218,107.267,Right,1.1920,167.78,ear,266.11,417.75
3219,107.300,Right,1.2356,165.04,ear,268.63,418.56
3220,107.333,Right,1.3501,162.60,ear,271.98,413.99
3221,107.367,Right,1.3474,168.73,ear,275.85,407.76
3222,107.400,Right,1.4887,173.10,ear,271.59,400.81
3223,107.433,Right,1.5640,173.31,ear,273.95,384.87
3224,107.467,Right,1.6618,173.41,ear,273.26,380.48
3225,107.500,Right,1.7503,172.02,ear,264.69,377.51
3226,107.533,Right,1.7995,172.01,ear,260.84,374.77
3227,107.567,Right,1.8653,167.93,ear,257.59,375.81
3228,107.600,Right,1.8782,168.01,ear,254.58,373.79
3229,107.633,Right,1.9163,168.23,ear,256.96,375.77
3230,107.667,Right,2.0144,166.27,ear,262.80,370.94
3231,107.700,Right,2.0837,168.52,ear,271.86,374.55
3232,107.733,Right,2.1551,172.56,ear,284.86,386.69
3233,107.767,Right,2.2291,172.33,ear,279.28,391.69
3234,107.800,Right,2.1949,172.17,ear,282.74,394.54
3235,107.833,Right,1.9657,172.16,ear,277.65,394.25
3236,107.867,Right,1.8889,172.06,ear,256.41,394.71
3237,107.900,Right,1.8158,172.08,ear,231.45,386.72
3238,107.933,Right,1.8373,172.36,ear,222.71,380.45
3239,107.967,Right,1.9169,172.41,ear,251.05,377.63
3240,108.000,Right,1.9539,172.15,ear,261.17,373.98
3241,108.033,Right,2.0955,172.11,ear,253.38,360.33
3242,108.067,Right,2.2362,172.17,ear,255.85,362.05
3243,108.100,Right,2.2531,171.78,ear,255.11,369.64
3244,108.133,Right,2.2929,169.72,ear,254.95,376.65
3245,108.167,Right,2.2647,169.61,ear,257.23,381.97
3246,108.200,Right,2.2796,169.62,ear,259.24,382.38
3247,108.233,Right,2.2452,169.98,ear,256.24,380.79
3248,108.267,Right,2.2146,170.14,ear,249.56,381.51
3249,108.300,Right,2.1762,169.99,ear,254.11,378.31
3256,108.533,Right,1.8529,170.32,ear,252.83,376.13
3257,108.567,Right,1.7301,171.26,ear,269.70,364.81
3258,108.600,Right,1.7355,171.63,ear,266.14,386.60
3259,108.633,Right,1.7288,172.29,ear,277.80,424.31
3260,108.667,Right,1.6807,172.96,ear,308.17,426.04
3261,108.700,Right,1.8951,172.98,ear,318.34,388.42
3262,108.733,Right,2.0091,173.26,ear,317.51,406.40
3263,108.767,Right,1.9645,174.29,ear,290.82,454.64
3265,108.833,Right,1.9195,172.52,ear,300.34,446.10
3266,108.867,Right,1.8209,171.58,ear,296.21,423.23
3267,108.900,Right,1.7842,171.31,ear,300.69,404.21
3268,108.933,Right,1.7421,171.16,ear,297.28,403.08
3269,108.967,Right,1.6657,171.27,ear,298.34,394.35
3270,109.000,Right,1.6847,170.38,ear,301.40,386.60
3271,109.033,Right,1.6639,170.39,ear,293.07,380.56
3272,109.067,Right,1.6419,170.44,ear,291.11,380.69
3273,109.100,Right,1.6630,170.05,ear,291.25,378.19
3274,109.133,Right,1.6409,171.19,ear,281.42,365.89
3275,109.167,Right,1.6949,171.18,ear,289.57,365.64
3276,109.200,Right,1.7463,171.90,ear,285.62,366.77
3277,109.233,Right,1.7984,173.31,ear,272.50,355.10
3278,109.267,Right,1.8241,173.75,ear,288.99,368.33
3279,109.300,Right,1.8762,174.04,ear,268.27,377.17
3280,109.333,Right,1.9731,174.03,ear,246.64,381.89
3281,109.367,Right,2.1073,173.92,ear,245.98,380.57
3282,109.400,Right,2.1167,173.92,ear,241.08,391.34
3283,109.433,Right,2.1598,173.01,ear,237.08,394.54
3284,109.467,Right,2.2053,172.39,ear,234.86,401.83
3285,109.500,Right,2.2739,172.16,ear,234.31,396.78
3286,109.533,Right,2.2262,172.04,ear,233.33,384.58
3287,109.567,Right,2.1735,172.53,ear,234.38,400.16
3288,109.600,Right,2.2063,170.78,ear,233.15,404.98
3289,109.633,Right,2.1739,170.69,ear,234.54,414.53
3290,109.667,Right,2.1029,169.51,ear,234.30,421.49
3291,109.700,Right,2.1449,168.10,ear,244.04,427.72
3292,109.733,Right,2.0629,168.09,ear,246.86,422.04
3293,109.767,Right,2.1061,168.68,ear,246.31,423.47
3294,109.800,Right,2.1429,168.34,ear,245.22,407.89
3294,109.800,Right,1.7960,168.34,ear,301.48,481.60
3295,109.833,Right,2.1436,168.38,ear,249.10,395.45
3296,109.867,Right,2.1636,168.11,ear,250.05,391.15
3297,109.900,Right,2.0796,167.45,ear,249.57,379.45
3298,109.933,Right,2.0124,168.15,ear,253.27,369.16
3299,109.967,Right,1.8979,168.67,ear,245.83,376.41
3300,110.000,Right,1.8752,168.54,ear,237.68,370.73
3301,110.033,Right,1.7274,170.23,ear,237.46,377.15
3302,110.067,Right,1.5237,170.36,ear,226.65,378.51
3303,110.100,Right,1.4204,171.17,ear,221.02,378.26
3304,110.133,Right,1.3553,171.05,ear,218.06,382.14
3305,110.167,Right,1.3692,170.61,ear,220.50,384.20
3306,110.200,Right,1.3461,171.35,ear,219.20,387.71
3307,110.233,Right,1.3600,170.62,ear,220.35,389.55
3308,110.267,Right,1.3833,170.81,ear,219.47,386.69
3309,110.300,Right,1.3799,170.56,ear,219.54,387.41
3310,110.333,Right,1.3969,170.36,ear,218.92,390.91
3311,110.367,Right,1.4034,170.29,ear,218.86,388.91
3312,110.400,Right,1.3989,170.44,ear,218.54,389.25
3313,110.433,Right,1.4097,170.62,ear,219.11,387.14
3314,110.467,Right,1.4083,171.11,ear,216.66,386.40
3315,110.500,Right,1.3861,171.03,ear,216.99,385.72
3316,110.533,Right,1.3385,171.97,ear,215.09,386.11
3317,110.567,Right,1.3227,172.20,ear,213.02,389.26
3318,110.600,Right,1.3439,172.80,ear,213.83,389.39
3319,110.633,Right,1.4069,171.46,ear,218.55,388.11
3320,110.667,Right,1.4559,171.76,ear,223.91,391.11
3321,110.700,Right,1.5258,171.80,ear,225.31,390.18
3322,110.733,Right,1.5022,172.12,ear,224.08,386.41
3323,110.767,Right,1.5435,172.35,ear,223.72,388.88
3324,110.800,Right,1.6182,172.16,ear,223.57,391.41
3325,110.833,Right,1.7273,172.33,ear,226.75,390.78
3326,110.867,Right,1.7474,171.90,ear,223.83,388.51
3327,110.900,Right,1.8156,172.19,ear,222.60,390.03
3328,110.933,Right,1.8499,171.62,ear,222.92,386.02
3329,110.967,Right,1.8532,171.45,ear,218.11,384.05
3330,111.000,Right,1.8507,171.32,ear,218.20,387.13
3331,111.033,Right,1.8234,171.88,ear,217.63,387.42
3332,111.067,Right,1.7960,170.50,ear,215.00,388.43
3333,111.100,Right,1.7962,170.40,ear,217.33,393.27
3334,111.133,Right,1.7846,170.46,ear,217.33,393.03
3335,111.167,Right,1.7422,170.44,ear,217.84,392.26
3336,111.200,Right,1.6928,170.35,ear,218.70,386.40
3337,111.233,Right,1.6217,170.23,ear,223.29,381.83
3338,111.267,Right,1.5960,170.23,ear,223.67,381.70
3339,111.300,Right,1.5614,171.53,ear,225.72,381.07
3340,111.333,Right,1.5655,171.58,ear,226.77,383.13
3341,111.367,Right,1.5628,171.83,ear,223.36,383.74
3342,111.400,Right,1.5643,171.15,ear,222.49,382.83
3343,111.433,Right,1.5587,171.28,ear,221.60,383.86
3344,111.467,Right,1.5648,171.19,ear,220.47,383.67
3345,111.500,Right,1.5667,171.66,ear,218.26,384.88
3346,111.533,Right,1.5606,171.78,ear,218.37,386.48
3347,111.567,Right,1.5652,171.25,ear,220.66,386.78
3348,111.600,Right,1.5706,171.33,ear,219.46,385.62
3349,111.633,Right,1.5679,170.87,ear,218.63,386.50
3350,111.667,Right,1.5705,170.88,ear,218.38,387.19
3351,111.700,Right,1.5506,171.01,ear,220.53,386.90
3352,111.733,Right,1.5413,170.99,ear,219.45,388.54
3353,111.767,Right,1.5452,171.05,ear,218.29,389.18
3354,111.800,Right,1.5362,171.00,ear,219.85,387.86
3355,111.833,Right,1.5291,171.01,ear,219.39,387.99
3356,111.867,Right,1.5226,171.03,ear,220.16,388.97
3357,111.900,Right,1.5270,170.95,ear,218.47,389.21
3358,111.933,Right,1.5506,170.08,ear,218.76,389.82
3359,111.967,Right,1.5445,170.37,ear,216.53,387.63
3360,112.000,Right,1.5574,170.54,ear,214.33,385.91
3361,112.033,Right,1.5416,170.71,ear,213.52,385.46
3362,112.067,Right,1.4885,170.42,ear,215.05,385.16
3363,112.100,Right,1.4497,170.10,ear,217.06,385.95
3364,112.133,Right,1.4006,169.74,ear,217.16,387.21
3365,112.167,Right,1.3679,169.74,ear,217.12,388.72
3366,112.200,Right,1.3781,169.34,ear,216.48,389.44
3367,112.233,Right,1.3449,169.38,ear,219.20,389.93
3368,112.267,Right,1.3252,169.47,ear,221.03,391.74
3369,112.300,Right,1.3407,169.67,ear,219.02,389.47
3370,112.333,Right,1.3300,169.75,ear,218.67,386.30
3371,112.367,Right,1.3272,170.70,ear,216.58,385.69
3372,112.400,Right,1.3566,170.47,ear,214.24,380.98
3373,112.433,Right,1.3514,171.15,ear,212.59,380.82
3374,112.467,Right,1.3643,171.99,ear,210.01,378.42
3375,112.500,Right,1.3517,172.02,ear,206.39,378.69
3376,112.533,Right,1.3592,171.94,ear,204.35,377.55
3377,112.567,Right,1.3599,172.02,ear,205.02,377.27
3378,112.600,Right,1.3625,172.70,ear,204.62,377.13
3379,112.633,Right,1.3598,172.48,ear,203.43,379.42
3380,112.667,Right,1.3532,173.00,ear,201.88,377.86
3381,112.700,Right,1.3672,172.29,ear,202.09,377.47
3382,112.733,Right,1.3511,173.27,ear,200.67,380.58
3383,112.767,Right,1.3583,173.84,ear,200.32,381.26
3384,112.800,Right,1.3265,176.44,ear,201.64,379.84
3385,112.833,Right,1.3307,176.31,ear,202.51,384.42
3386,112.867,Right,1.3223,175.92,ear,203.66,381.53
3387,112.900,Right,1.3228,175.27,ear,204.40,381.00
3388,112.933,Right,1.3329,175.41,ear,203.05,382.56
3389,112.967,Right,1.3363,174.67,ear,202.99,382.08
3390,113.000,Right,1.3151,175.07,ear,202.45,381.53
3391,113.033,Right,1.3281,173.98,ear,202.64,384.67
3392,113.067,Right,1.3330,174.33,ear,204.38,383.21
3393,113.100,Right,1.3214,173.97,ear,206.53,379.71
3394,113.133,Right,1.3193,174.24,ear,207.56,383.53
3395,113.167,Right,1.3125,174.14,ear,208.38,382.84
3396,113.200,Right,1.2938,174.13,ear,208.35,381.69
3397,113.233,Right,1.2958,174.13,ear,212.51,379.91
3398,113.267,Right,1.3094,174.06,ear,213.64,379.65
3399,113.300,Right,1.2956,173.84,ear,213.33,379.66
3400,113.333,Right,1.2954,174.05,ear,211.68,381.28
3401,113.367,Right,1.2973,173.23,ear,215.66,378.82
3402,113.400,Right,1.2924,173.22,ear,215.11,380.67
3403,113.433,Right,1.2943,173.34,ear,217.44,378.65
3404,113.467,Right,1.2876,173.01,ear,220.07,379.33
3405,113.500,Right,1.2872,172.98,ear,219.61,376.70
3406,113.533,Right,1.2826,173.16,ear,220.57,379.66
3407,113.567,Right,1.2945,172.92,ear,222.98,383.81
3408,113.600,Right,1.2927,172.73,ear,223.98,383.14
3409,113.633,Right,1.2669,173.23,ear,227.50,382.41
3410,113.667,Right,1.2620,173.33,ear,227.79,384.49
3411,113.700,Right,1.2515,173.92,ear,228.52,384.57
3412,113.733,Right,1.2480,174.10,ear,228.86,382.84
3413,113.767,Right,1.2415,175.70,ear,233.05,383.43
3414,113.800,Right,1.2534,175.60,ear,233.17,383.58
3415,113.833,Right,1.2514,176.12,ear,229.83,382.89
3416,113.867,Right,1.2505,175.47,ear,229.63,382.77
3417,113.900,Right,1.2574,175.47,ear,228.55,382.63
3418,113.933,Right,1.2802,175.48,ear,226.14,383.69
3419,113.967,Right,1.2719,175.41,ear,222.64,385.29
3420,114.000,Right,1.3005,175.09,ear,225.25,382.70
3421,114.033,Right,1.2739,175.08,ear,223.02,380.44
3422,114.067,Right,1.3082,174.97,ear,221.40,380.65
3423,114.100,Right,1.2910,174.98,ear,224.52,379.54
3424,114.133,Right,1.2831,173.20,ear,224.47,379.51
3425,114.167,Right,1.3113,173.28,ear,222.95,378.60
3426,114.200,Right,1.3195,172.87,ear,222.46,377.10
3427,114.233,Right,1.3369,172.81,ear,223.72,375.14
3428,114.267,Right,1.3374,172.46,ear,222.78,374.74
3429,114.300,Right,1.3183,172.46,ear,220.28,376.20
3430,114.333,Right,1.3303,172.23,ear,220.40,377.37
3431,114.367,Right,1.3231,172.50,ear,221.67,377.21
3432,114.400,Right,1.3232,172.67,ear,221.23,377.66
3433,114.433,Right,1.3136,172.40,ear,220.58,377.95
3434,114.467,Right,1.3265,172.50,ear,219.84,377.24
3435,114.500,Right,1.3192,172.75,ear,218.22,380.08
3436,114.533,Right,1.3318,172.72,ear,217.85,381.28
3437,114.567,Right,1.3309,172.78,ear,217.66,379.41
3438,114.600,Right,1.3312,173.03,ear,215.44,378.65
3439,114.633,Right,1.3489,173.09,ear,215.60,378.66
3440,114.667,Right,1.3692,173.05,ear,215.17,380.10
3441,114.700,Right,1.3468,173.02,ear,216.30,377.86
3442,114.733,Right,1.3336,172.92,ear,216.43,380.94
3443,114.767,Right,1.3560,172.84,ear,217.79,380.06
3444,114.800,Right,1.3680,173.05,ear,213.83,377.94
3445,114.833,Right,1.3641,174.05,ear,212.97,373.97
3446,114.867,Right,1.3861,173.05,ear,213.23,373.30
3447,114.900,Right,1.4052,173.09,ear,212.92,376.55
3448,114.933,Right,1.4304,173.02,ear,210.57,374.74
3449,114.967,Right,1.4110,173.11,ear,209.42,375.43
3450,115.000,Right,1.4444,173.29,ear,208.23,374.79
3451,115.033,Right,1.4239,173.47,ear,207.11,374.27
3452,115.067,Right,1.4143,173.40,ear,207.97,375.84
3453,115.100,Right,1.4347,172.47,ear,207.76,374.82
3454,115.133,Right,1.4243,172.77,ear,207.53,374.68
3455,115.167,Right,1.4323,172.18,ear,207.29,375.71
3456,115.200,Right,1.4436,171.84,ear,206.78,375.50
3457,115.233,Right,1.4495,171.85,ear,206.10,375.17
3458,115.267,Right,1.4538,171.93,ear,204.51,374.36
3459,115.300,Right,1.4502,171.58,ear,208.05,374.68
3460,115.333,Right,1.4619,171.68,ear,205.78,373.75
3461,115.367,Right,1.4189,174.10,ear,207.57,374.79
3462,115.400,Right,1.4443,173.70,ear,204.60,376.32
3463,115.433,Right,1.4512,173.71,ear,202.52,376.81
3464,115.467,Right,1.4626,173.37,ear,202.59,378.35
3465,115.500,Right,1.4589,174.18,ear,202.02,375.31
3466,115.533,Right,1.4598,174.15,ear,202.34,372.34
3467,115.567,Right,1.4396,174.76,ear,199.57,374.12
3468,115.600,Right,1.4585,173.65,ear,199.74,372.86
3469,115.633,Right,1.4532,174.34,ear,199.67,373.45
3470,115.667,Right,1.4557,174.30,ear,201.23,371.21
3471,115.700,Right,1.4452,174.76,ear,200.35,371.60
3472,115.733,Right,1.4480,174.78,ear,199.87,371.17
3473,115.767,Right,1.4496,174.55,ear,198.24,371.18
3474,115.800,Right,1.4560,174.71,ear,196.83,371.90
3475,115.833,Right,1.4508,174.77,ear,196.70,372.22
3476,115.867,Right,1.4564,174.66,ear,193.44,373.72
3477,115.900,Right,1.4574,174.23,ear,196.10,372.04
3478,115.933,Right,1.4643,174.22,ear,196.81,371.32
3479,115.967,Right,1.4723,173.78,ear,194.05,370.37
3480,116.000,Right,1.4734,173.10,ear,192.99,370.38
3481,116.033,Right,1.4792,172.92,ear,196.42,369.39
3482,116.067,Right,1.4932,173.46,ear,197.26,369.88
3483,116.100,Right,1.5164,172.72,ear,195.46,368.07
3484,116.133,Right,1.5188,172.37,ear,195.74,367.19
3485,116.167,Right,1.5279,172.05,ear,195.94,365.79
3486,116.200,Right,1.5379,172.78,ear,194.50,366.84
3487,116.233,Right,1.5577,172.74,ear,192.02,365.43
3488,116.267,Right,1.5440,172.77,ear,192.53,366.98
3489,116.300,Right,1.5597,171.97,ear,192.63,365.93
3490,116.333,Right,1.5568,172.15,ear,190.51,364.80
3491,116.367,Right,1.5383,172.22,ear,190.59,364.89
3492,116.400,Right,1.5314,173.45,ear,190.24,365.64
3493,116.433,Right,1.5297,173.48,ear,189.99,366.02
3494,116.467,Right,1.6260,173.20,ear,189.77,365.58
3495,116.500,Right,1.6969,172.24,ear,187.23,364.83
3496,116.533,Right,1.7874,172.18,ear,184.17,363.44
3497,116.567,Right,1.8564,172.37,ear,183.65,367.49
3498,116.600,Right,1.9245,172.71,ear,185.77,368.19
3499,116.633,Right,1.9693,172.34,ear,187.00,367.88
3500,116.667,Right,1.9987,172.41,ear,183.40,367.07
3501,116.700,Right,2.0450,172.33,ear,184.68,368.36
3502,116.733,Right,2.0728,172.40,ear,184.36,369.21
3503,116.767,Right,2.1153,170.69,ear,184.35,368.74
3504,116.800,Right,2.0977,171.69,ear,184.46,368.53
3505,116.833,Right,2.0996,171.92,ear,186.34,369.35
3506,116.867,Right,2.0910,171.94,ear,184.75,368.74
3507,116.900,Right,2.1008,172.04,ear,183.51,367.61
3508,116.933,Right,2.1253,171.90,ear,185.76,368.91
3509,116.967,Right,2.1081,172.28,ear,184.85,369.18
3510,117.000,Right,2.1085,172.71,ear,181.75,365.49
3511,117.033,Right,2.1106,172.72,ear,182.72,365.62
3512,117.067,Right,2.0867,174.13,ear,183.64,365.38
3513,117.100,Right,2.0891,173.44,ear,182.02,365.48
3514,117.133,Right,2.0568,173.40,ear,180.30,365.22
3515,117.167,Right,2.0110,171.51,ear,185.26,367.24
3516,117.200,Right,1.9390,171.77,ear,181.35,366.71
3517,117.233,Right,1.9224,171.36,ear,183.04,367.46
3518,117.267,Right,1.9160,171.40,ear,183.01,368.89
3519,117.300,Right,1.9147,171.51,ear,180.60,369.15
3520,117.333,Right,1.9114,170.80,ear,181.77,367.25
3521,117.367,Right,1.9172,170.72,ear,181.08,366.72
3522,117.400,Right,1.9190,170.94,ear,179.29,366.10
3523,117.433,Right,1.9466,170.45,ear,177.87,364.94
3524,117.467,Right,1.9370,171.61,ear,179.90,364.26
3525,117.500,Right,1.9527,171.37,ear,181.04,365.48
3526,117.533,Right,1.9514,171.41,ear,182.19,365.06
3527,117.567,Right,1.9538,171.62,ear,182.45,366.70
3528,117.600,Right,1.9496,172.70,ear,184.11,369.46
3529,117.633,Right,1.9584,172.40,ear,187.45,370.14
3530,117.667,Right,1.9566,172.56,ear,188.18,369.20
3531,117.700,Right,1.9758,171.79,ear,189.61,368.14
3532,117.733,Right,1.9780,171.80,ear,188.11,368.28
3533,117.767,Right,1.9864,170.41,ear,184.99,367.27
3534,117.800,Right,1.9835,170.68,ear,188.65,367.53
3535,117.833,Right,1.9942,170.61,ear,188.58,367.12
3536,117.867,Right,2.0077,170.24,ear,186.29,364.79
3537,117.900,Right,2.0107,170.36,ear,186.45,365.68
3538,117.933,Right,2.0210,169.83,ear,187.28,365.51
3539,117.967,Right,2.0285,169.87,ear,188.05,365.99
3540,118.000,Right,2.0212,169.99,ear,186.74,367.80
3541,118.033,Right,2.0007,171.41,ear,187.14,368.58
3542,118.067,Right,2.0066,171.70,ear,187.30,367.89
3543,118.100,Right,1.9965,172.39,ear,187.62,366.85
3544,118.133,Right,2.0093,172.47,ear,186.39,366.32
3545,118.167,Right,2.0075,172.52,ear,187.11,368.49
3546,118.200,Right,2.0033,172.31,ear,183.39,367.87
3547,118.233,Right,1.9972,172.83,ear,183.24,368.80
3548,118.267,Right,2.0093,171.77,ear,183.33,368.52
3549,118.300,Right,2.0010,172.35,ear,180.27,368.14
3550,118.333,Right,2.0011,172.65,ear,179.99,370.06
3551,118.367,Right,2.0249,171.98,ear,181.41,368.13
3552,118.400,Right,2.0216,171.57,ear,182.40,365.75
3553,118.433,Right,2.0413,171.32,ear,181.37,365.39
3554,118.467,Right,2.0438,171.38,ear,181.96,368.25
3555,118.500,Right,2.0445,171.16,ear,180.12,366.81
3556,118.533,Right,2.0524,171.31,ear,179.56,366.02
3557,118.567,Right,2.0787,171.03,ear,182.60,367.30
3558,118.600,Right,2.1222,170.52,ear,180.82,366.43
3559,118.633,Right,2.1294,170.31,ear,179.69,367.40
3560,118.667,Right,2.0942,171.28,ear,177.51,368.13
3561,118.700,Right,2.1002,171.08,ear,177.81,368.58
3562,118.733,Right,2.0746,171.86,ear,174.34,367.95
3563,118.767,Right,2.0910,171.60,ear,172.94,369.01
3564,118.800,Right,2.0861,171.46,ear,172.78,369.00
3565,118.833,Right,2.0638,171.59,ear,171.80,369.25
3566,118.867,Right,2.0336,171.46,ear,172.88,370.62
3567,118.900,Right,2.0362,171.17,ear,174.51,373.58
3568,118.933,Right,2.0247,171.54,ear,173.39,373.96
3569,118.967,Right,2.0262,171.74,ear,172.29,372.83
3570,119.000,Right,2.0117,173.32,ear,172.14,372.27
3571,119.033,Right,2.0599,173.31,ear,170.65,372.83
3572,119.067,Right,2.0522,173.86,ear,171.91,372.50
3573,119.100,Right,2.1001,174.44,ear,171.61,372.64
3574,119.133,Right,2.1482,173.09,ear,172.69,372.11
3575,119.167,Right,2.2470,173.17,ear,171.40,369.99
3576,119.200,Right,2.2092,173.95,ear,174.24,372.21
3577,119.233,Right,2.2477,173.84,ear,175.66,373.96
3578,119.267,Right,2.3044,174.65,ear,173.99,373.74
3579,119.300,Right,2.2639,175.19,ear,174.61,375.08
3580,119.333,Right,2.2999,174.70,ear,175.75,375.01
3581,119.367,Right,2.3470,175.55,ear,174.48,374.32
3582,119.400,Right,2.3634,175.64,ear,173.16,375.69
3583,119.433,Right,2.3420,175.33,ear,175.78,378.37
3584,119.467,Right,2.3769,175.27,ear,173.28,375.26
3585,119.500,Right,2.3775,175.28,ear,173.52,376.27
3586,119.533,Right,2.3259,174.49,ear,174.96,377.49
3587,119.567,Right,2.3270,173.73,ear,177.21,378.04
3588,119.600,Right,2.3825,171.59,ear,172.78,377.06
3589,119.633,Right,2.4659,166.32,ear,177.28,377.56
3590,119.667,Right,2.4849,164.84,ear,177.31,377.65
3591,119.700,Right,2.4601,168.67,ear,176.03,377.35
3592,119.733,Right,2.5163,164.64,ear,178.43,376.46
3593,119.767,Right,2.5257,162.43,ear,180.14,376.78
3594,119.800,Right,2.4919,160.88,ear,178.05,374.86
3595,119.833,Right,2.4813,157.07,ear,179.69,374.75
3596,119.867,Right,2.4487,157.24,ear,183.51,374.98
3597,119.900,Right,2.4923,155.12,ear,189.60,373.74
3598,119.933,Right,2.5160,154.14,ear,191.10,370.99
3599,119.967,Right,2.5565,151.92,ear,196.83,374.95
3600,120.000,Right,2.5629,151.33,ear,201.21,377.19
3601,120.033,Right,2.5862,149.58,ear,204.16,377.95
3602,120.067,Right,2.5925,149.29,ear,206.69,379.98
3603,120.100,Right,2.5704,152.42,ear,206.83,377.38
3604,120.133,Right,2.5507,151.93,ear,204.69,377.37
3605,120.167,Right,2.5950,151.19,ear,201.04,377.27
3606,120.200,Right,2.6110,150.48,ear,201.64,377.62
3607,120.233,Right,2.6221,150.32,ear,203.16,375.52
3608,120.267,Right,2.6109,149.92,ear,201.88,373.08
3609,120.300,Right,2.6522,149.90,ear,199.13,370.97
3610,120.333,Right,2.7063,149.52,ear,202.96,370.88
3611,120.367,Right,2.6924,149.54,ear,203.14,373.40
3612,120.400,Right,2.7147,149.23,ear,202.12,375.66
3613,120.433,Right,2.7481,148.21,ear,200.48,374.81
3614,120.467,Right,2.6751,150.51,ear,198.93,373.11
3615,120.500,Right,2.6844,149.49,ear,195.75,372.02
3616,120.533,Right,2.6752,150.01,ear,196.28,374.30
3617,120.567,Right,2.6596,151.71,ear,197.46,372.76
3618,120.600,Right,2.6373,152.58,ear,194.93,372.76
3619,120.633,Right,2.6327,154.42,ear,195.38,373.25
3620,120.667,Right,2.5866,156.67,ear,193.63,372.55
3621,120.700,Right,2.5898,156.41,ear,193.64,374.15
3622,120.733,Right,2.5457,157.50,ear,195.58,374.40
3623,120.767,Right,2.5268,157.33,ear,199.00,373.77
3624,120.800,Right,2.4939,157.99,ear,198.49,374.60
3625,120.833,Right,2.4776,157.69,ear,200.55,376.30
3626,120.867,Right,2.4977,154.65,ear,205.32,376.57
3627,120.900,Right,2.4476,156.90,ear,201.65,374.51
3628,120.933,Right,2.4196,156.88,ear,200.44,373.58
3629,120.967,Right,2.4227,157.72,ear,199.17,373.38
3630,121.000,Right,2.4123,158.11,ear,200.22,373.04
3631,121.033,Right,2.4035,157.21,ear,198.00,371.53
3632,121.067,Right,2.4227,156.72,ear,198.64,370.22
3633,121.100,Right,2.4318,157.44,ear,199.97,369.64
3634,121.133,Right,2.4753,155.10,ear,200.38,367.18
3635,121.167,Right,2.4833,153.81,ear,199.29,365.92
3636,121.200,Right,2.4724,154.32,ear,198.58,366.71
3637,121.233,Right,2.3972,155.37,ear,200.12,368.78
3638,121.267,Right,2.3963,153.46,ear,200.29,365.47
3639,121.300,Right,2.3429,153.36,ear,200.80,365.06
3640,121.333,Right,2.4214,144.88,ear,196.47,363.80
3641,121.367,Right,2.3653,145.17,ear,200.13,359.15
3642,121.400,Right,2.3406,145.27,ear,204.27,358.60
3643,121.433,Right,2.3386,145.25,ear,202.83,356.12
3644,121.467,Right,2.3178,145.55,ear,203.84,358.77
3645,121.500,Right,2.2878,146.46,ear,203.45,358.47
3646,121.533,Right,2.2482,148.97,ear,202.53,359.17
3647,121.567,Right,2.2176,150.25,ear,203.82,361.77
3648,121.600,Right,2.1330,152.10,ear,201.59,366.12
3649,121.633,Right,2.0469,154.74,ear,201.76,364.56
3650,121.667,Right,1.9352,160.00,ear,202.69,362.15
3651,121.700,Right,1.8728,163.08,ear,201.63,365.43
3652,121.733,Right,1.8439,164.99,ear,203.36,365.28
3653,121.767,Right,1.7516,168.86,ear,203.12,362.68
3654,121.800,Right,1.7681,170.22,ear,199.84,368.29
3655,121.833,Right,1.7593,170.11,ear,198.27,364.35
3656,121.867,Right,1.7499,170.61,ear,196.70,365.98
3657,121.900,Right,1.7472,171.09,ear,198.10,365.27
3658,121.933,Right,1.7458,171.76,ear,197.94,366.90
3659,121.967,Right,1.7507,171.86,ear,198.08,367.84
3660,122.000,Right,1.7425,171.80,ear,197.32,367.15
3661,122.033,Right,1.7370,172.15,ear,198.80,367.77
3662,122.067,Right,1.7357,172.39,ear,197.81,369.95
3663,122.100,Right,1.7131,174.23,ear,198.59,368.93
3664,122.133,Right,1.7213,175.31,ear,199.91,367.62
3665,122.167,Right,1.7183,175.21,ear,200.74,364.25
3666,122.200,Right,1.7245,174.39,ear,200.60,364.18
3667,122.233,Right,1.7269,174.30,ear,200.36,362.46
3668,122.267,Right,1.7357,173.91,ear,200.23,360.74
3669,122.300,Right,1.7550,174.18,ear,200.35,363.67
3670,122.333,Right,1.7540,174.06,ear,200.86,361.46
3671,122.367,Right,1.7271,176.21,ear,202.31,365.36
3672,122.400,Right,1.7551,176.08,ear,201.61,367.21
3673,122.433,Right,1.7658,176.07,ear,202.04,368.63
3674,122.467,Right,1.7663,176.31,ear,201.82,367.88
3675,122.500,Right,1.7944,175.87,ear,201.26,366.69
3676,122.533,Right,1.8147,174.40,ear,201.02,364.74
3677,122.567,Right,1.8351,174.63,ear,199.06,366.37
3678,122.600,Right,1.8631,173.89,ear,197.98,368.03
3679,122.633,Right,1.8615,173.90,ear,198.36,367.84
3680,122.667,Right,1.8712,173.59,ear,199.26,367.62
3681,122.700,Right,1.8715,173.73,ear,198.96,367.96
3682,122.733,Right,1.8765,173.17,ear,198.17,368.65
3683,122.767,Right,1.8823,173.05,ear,199.26,368.27
3684,122.800,Right,1.8666,174.31,ear,199.48,366.42
3685,122.833,Right,1.8995,171.38,ear,198.58,362.97
3686,122.867,Right,1.9185,171.07,ear,198.39,363.04
3687,122.900,Right,1.9218,170.67,ear,197.13,364.07
3688,122.933,Right,1.9422,170.78,ear,197.24,365.84
3689,122.967,Right,1.9440,170.73,ear,196.50,363.89
3690,123.000,Right,1.9276,171.96,ear,197.13,362.98
3691,123.033,Right,1.9192,172.27,ear,196.70,366.15
3692,123.067,Right,1.9109,172.21,ear,197.56,369.25
3693,123.100,Right,1.8913,173.18,ear,196.99,368.40
3694,123.133,Right,1.9226,172.08,ear,194.69,367.23
3695,123.167,Right,1.9323,172.58,ear,193.89,365.82
3696,123.200,Right,1.9416,172.95,ear,195.61,367.83
3697,123.233,Right,2.0167,172.52,ear,194.68,366.67
3698,123.267,Right,2.0903,172.31,ear,200.16,364.29
3699,123.300,Right,2.1511,171.78,ear,206.57,368.09
3700,123.333,Right,2.2473,170.15,ear,199.40,377.09
3701,123.367,Right,2.3532,171.08,ear,197.48,378.31
3702,123.400,Right,2.3621,170.95,ear,195.19,385.17
3703,123.433,Left,2.4659,171.71,ear,174.06,380.94
3704,123.467,Left,2.5493,172.82,ear,154.76,373.25
3705,123.500,Right,2.5062,172.14,ear,178.62,355.61
3706,123.533,Right,2.5339,172.50,ear,175.91,367.20
3707,123.567,Right,2.5298,172.81,ear,177.04,352.87
3708,123.600,Right,2.6189,172.41,ear,173.48,336.36
3709,123.633,Right,2.7336,171.39,ear,197.59,359.45
3710,123.667,Right,2.7935,169.97,ear,198.86,361.86
3711,123.700,Right,2.8425,169.46,ear,200.78,356.20
3712,123.733,Right,2.8553,168.34,ear,201.81,346.49
3713,123.767,Right,2.8425,168.18,ear,203.77,353.94
3714,123.800,Right,2.8834,166.36,ear,189.73,361.70
3715,123.833,Right,2.7539,165.72,ear,189.51,359.78
3716,123.867,Right,2.7366,162.69,ear,200.67,362.14
3717,123.900,Right,2.5926,161.97,ear,187.02,356.11
3718,123.933,Right,2.2594,161.02,ear,194.05,361.62
3719,123.967,Right,2.2182,159.79,ear,194.57,364.51
3720,124.000,Right,2.2743,158.45,ear,196.56,366.15
3721,124.033,Right,2.4184,152.92,ear,194.41,385.00
3722,124.067,Right,2.2914,149.78,ear,190.13,398.26
3723,124.100,Right,2.2152,152.89,ear,189.42,398.76
3724,124.133,Right,2.2218,154.98,ear,189.04,394.37
3725,124.167,Right,2.1896,154.60,ear,194.13,389.40
3726,124.200,Right,2.1912,152.40,ear,199.58,385.26
3727,124.233,Right,2.2326,152.20,ear,201.65,384.66
3728,124.267,Right,2.2948,151.02,ear,200.70,383.26
3729,124.300,Right,2.3430,149.40,ear,200.99,379.91
3730,124.333,Right,2.4068,148.66,ear,195.79,379.42
3731,124.367,Right,2.4627,147.00,ear,195.22,377.24
3732,124.400,Right,2.5253,146.30,ear,188.00,378.66
3733,124.433,Right,2.5817,146.64,ear,179.29,380.78
3734,124.467,Right,2.5981,146.81,ear,176.70,381.23
3735,124.500,Right,2.5865,147.74,ear,177.21,382.13
3736,124.533,Right,2.6134,148.98,ear,177.34,382.04
3737,124.567,Right,2.6189,150.20,ear,172.00,383.58
3738,124.600,Right,2.5982,152.23,ear,175.36,383.12
3739,124.633,Right,2.4878,157.41,ear,171.21,382.28
3740,124.667,Right,2.4204,161.55,ear,170.24,382.86
3741,124.700,Right,2.3533,164.61,ear,166.84,384.51
3742,124.733,Right,2.2620,168.41,ear,168.95,383.14
3743,124.767,Right,2.1987,171.04,ear,165.98,384.30
3744,124.800,Right,2.1976,170.93,ear,169.84,380.79
3745,124.833,Right,2.1102,173.75,ear,170.49,378.49
3746,124.867,Right,2.0843,174.00,ear,173.59,375.01
3747,124.900,Right,2.0047,175.84,ear,162.73,379.67
3748,124.933,Right,1.8570,176.07,ear,159.24,380.36
3749,124.967,Right,1.7275,175.95,ear,151.47,382.55
3750,125.000,Right,1.6505,174.92,ear,162.50,382.45
3750,125.000,Left,1.5079,174.92,ear,394.50,497.94
3751,125.033,Right,1.5152,176.74,ear,177.25,373.23
3751,125.033,Left,1.5657,176.74,ear,390.28,527.60
3752,125.067,Right,1.5219,176.91,ear,170.24,378.49
3752,125.067,Left,1.5959,176.91,ear,372.91,549.82
3753,125.100,Right,1.6102,177.69,ear,178.43,382.52
3753,125.100,Left,1.7325,177.69,ear,356.13,567.72
3754,125.133,Right,1.7184,177.70,ear,183.18,393.83
3754,125.133,Left,1.6940,177.70,ear,352.17,575.37
3755,125.167,Right,1.7237,177.54,ear,184.68,393.08
3755,125.167,Left,1.7103,177.54,ear,358.14,572.12
3756,125.200,Right,1.6676,178.54,ear,189.49,392.18
3757,125.233,Right,1.6222,180.51,ear,190.03,391.82
3757,125.233,Left,1.6303,180.51,ear,349.01,588.56
3758,125.267,Right,1.7143,179.53,ear,189.94,389.64
3758,125.267,Left,1.6701,179.53,ear,343.93,597.08
3759,125.300,Right,1.7028,179.94,ear,189.25,385.23
3759,125.300,Left,1.6476,179.94,ear,338.12,596.61
3760,125.333,Right,1.6194,180.23,ear,192.41,395.07
3760,125.333,Left,1.5561,180.23,ear,326.74,608.39
3761,125.367,Right,1.5483,180.63,ear,195.09,391.48
3761,125.367,Left,1.6243,180.63,ear,286.50,609.55
3762,125.400,Right,1.5630,180.05,ear,197.44,417.30
3762,125.400,Left,1.6634,180.05,ear,278.24,620.38
3763,125.433,Right,1.5799,180.40,ear,212.09,442.82
3764,125.467,Right,1.6332,180.31,ear,216.78,438.89
3765,125.500,Right,1.7991,180.11,ear,229.54,456.34
3766,125.533,Right,1.7393,179.85,ear,224.64,454.20
3767,125.567,Right,1.8049,177.79,ear,214.77,442.80
3768,125.600,Right,1.8085,176.90,ear,208.89,457.49
3769,125.633,Left,1.6219,177.04,ear,223.08,428.82
3770,125.667,Right,1.5649,176.87,ear,238.97,408.32
3771,125.700,Right,1.4885,176.89,ear,261.02,392.93
3772,125.733,Right,1.4485,176.79,ear,274.08,375.59
3773,125.767,Right,1.4271,176.74,ear,274.79,364.43
3774,125.800,Right,1.4349,177.38,ear,274.52,368.26
3775,125.833,Right,1.4588,176.95,ear,267.96,361.73
3776,125.867,Right,1.4427,177.05,ear,259.52,365.28
3777,125.900,Right,1.4901,176.67,ear,254.29,367.59
3778,125.933,Right,1.5034,176.03,ear,253.11,365.67
3779,125.967,Right,1.5587,174.90,ear,246.40,361.34
3780,126.000,Right,1.5848,174.06,ear,248.39,361.86
3781,126.033,Right,1.5453,174.49,ear,246.52,366.01
3782,126.067,Right,1.5612,174.60,ear,242.32,367.75
3783,126.100,Right,1.5428,174.23,ear,244.14,366.06
3784,126.133,Right,1.5235,174.20,ear,239.81,367.15
3785,126.167,Right,1.4915,174.05,ear,241.01,370.39
3786,126.200,Right,1.4859,174.91,ear,239.26,368.30
3787,126.233,Right,1.4816,175.11,ear,239.45,368.20
3788,126.267,Right,1.4888,174.90,ear,240.81,368.64
3789,126.300,Right,1.4755,175.86,ear,240.57,372.27
3790,126.333,Right,1.4777,176.09,ear,239.33,376.10
3791,126.367,Right,1.5054,176.12,ear,237.93,380.84
3792,126.400,Right,1.5177,176.38,ear,234.15,385.38
3793,126.433,Right,1.5565,175.60,ear,237.61,384.45
3794,126.467,Right,1.5540,175.86,ear,237.90,384.66
3795,126.500,Right,1.5604,176.63,ear,237.69,384.46
3796,126.533,Right,1.5946,176.55,ear,237.90,384.90
3797,126.567,Right,1.6109,176.20,ear,236.96,384.83
3798,126.600,Right,1.6129,176.01,ear,237.50,384.37
3799,126.633,Right,1.6171,176.16,ear,237.53,383.33
3800,126.667,Right,1.6343,175.75,ear,236.47,382.53
3801,126.700,Right,1.6452,175.44,ear,238.00,380.29
3802,126.733,Right,1.6483,175.43,ear,243.11,376.90
3803,126.767,Right,1.6381,175.15,ear,245.10,371.64
3804,126.800,Right,1.6346,175.26,ear,242.35,368.27
3805,126.833,Right,1.6357,175.05,ear,237.89,370.88
3806,126.867,Right,1.6105,175.00,ear,239.49,371.90
3807,126.900,Right,1.5749,174.94,ear,240.69,374.69
3808,126.933,Right,1.5146,175.68,ear,237.59,376.40
3809,126.967,Right,1.5084,175.62,ear,233.63,377.53
3810,127.000,Right,1.4834,175.38,ear,233.29,377.14
3811,127.033,Right,1.4422,176.11,ear,234.71,376.95
3812,127.067,Right,1.4342,176.15,ear,234.13,376.00
3813,127.100,Right,1.4260,175.92,ear,235.00,374.50
3814,127.133,Right,1.3974,176.01,ear,234.91,373.17
3815,127.167,Right,1.3732,175.92,ear,233.71,375.78
3816,127.200,Right,1.3367,175.66,ear,234.28,374.40
3817,127.233,Right,1.3199,175.42,ear,238.50,378.40
3818,127.267,Right,1.2964,177.10,ear,241.34,381.03
3819,127.300,Right,1.2997,176.39,ear,242.69,375.66
3820,127.333,Right,1.2802,175.95,ear,242.09,376.27
3821,127.367,Right,1.2868,176.11,ear,240.32,376.67
3822,127.400,Right,1.3396,176.05,ear,237.93,374.74
3823,127.433,Right,1.3413,175.79,ear,235.44,375.44
3824,127.467,Right,1.3619,175.98,ear,237.81,374.56
3825,127.500,Right,1.4569,175.68,ear,237.25,375.65
3826,127.533,Right,1.5609,175.21,ear,240.67,374.34
3827,127.567,Right,1.5714,174.39,ear,239.55,373.33
3828,127.600,Right,1.6144,174.37,ear,238.69,369.58
3829,127.633,Right,1.6367,174.39,ear,235.87,370.54
3830,127.667,Right,1.6394,174.33,ear,239.66,367.89
3831,127.700,Right,1.6454,174.44,ear,235.85,368.64
3832,127.733,Right,1.6585,174.08,ear,234.33,372.22
3833,127.767,Right,1.6508,173.88,ear,237.82,372.29
3834,127.800,Right,1.6607,173.76,ear,237.94,379.66
3835,127.833,Right,1.6696,173.99,ear,235.95,382.34
3836,127.867,Right,1.6879,173.93,ear,240.89,384.77
3837,127.900,Right,1.7038,173.91,ear,239.29,387.09
3838,127.933,Right,1.7205,173.97,ear,233.40,383.83
3839,127.967,Right,1.7270,173.82,ear,232.83,384.19
3840,128.000,Right,1.7321,174.08,ear,228.20,387.75
3841,128.033,Right,1.7366,174.08,ear,229.84,388.01
3842,128.067,Right,1.7404,174.33,ear,228.45,389.53
3843,128.100,Right,1.7222,174.27,ear,226.16,391.17
3844,128.133,Right,1.7295,174.45,ear,227.10,391.47
3845,128.167,Right,1.7489,174.49,ear,232.96,388.61
3846,128.200,Right,1.7632,173.95,ear,237.08,387.39
3847,128.233,Right,1.7587,174.31,ear,235.61,384.55
3848,128.267,Right,1.7730,174.71,ear,234.97,385.53
3849,128.300,Right,1.8261,172.99,ear,236.98,385.60
3850,128.333,Right,1.8439,173.42,ear,236.90,387.00
3851,128.367,Right,1.8613,173.25,ear,236.06,390.20
3852,128.400,Right,1.8784,172.97,ear,236.35,387.99
3853,128.433,Right,1.8686,172.99,ear,238.65,391.13
3854,128.467,Right,1.8815,172.95,ear,240.28,391.25
3855,128.500,Right,1.8986,172.49,ear,242.93,392.48
3856,128.533,Right,1.8862,172.79,ear,242.52,393.01
3857,128.567,Right,1.8786,172.96,ear,239.62,391.29
3858,128.600,Right,1.8811,172.56,ear,240.47,392.19
3859,128.633,Right,1.8855,172.32,ear,238.76,390.97
3860,128.667,Right,1.8750,172.17,ear,239.95,392.16
3861,128.700,Right,1.8742,172.62,ear,236.46,388.17
3862,128.733,Right,1.8914,171.42,ear,238.99,379.49
3863,128.767,Right,1.8613,171.71,ear,240.24,376.68
3864,128.800,Right,1.8058,171.63,ear,240.46,375.17
3865,128.833,Right,1.7563,171.62,ear,243.59,372.65
3866,128.867,Right,1.7142,171.57,ear,246.16,375.60
3867,128.900,Right,1.6748,171.79,ear,251.09,375.21
3868,128.933,Right,1.6705,171.77,ear,247.57,374.12
3869,128.967,Right,1.6751,172.16,ear,250.22,372.10
3870,129.000,Right,1.6697,172.07,ear,253.32,372.67
3871,129.033,Right,1.6826,171.56,ear,256.72,368.71
3872,129.067,Right,1.6569,172.15,ear,259.25,367.54
3873,129.100,Right,1.6304,172.36,ear,267.62,368.57
3874,129.133,Right,1.6108,173.05,ear,270.39,367.01
3875,129.167,Right,1.5929,173.49,ear,276.25,370.25
3876,129.200,Right,1.5027,175.37,ear,281.40,370.36
3877,129.233,Right,1.4880,175.99,ear,279.75,376.70
3878,129.267,Right,1.4885,175.93,ear,278.09,377.80
3879,129.300,Right,1.4923,175.04,ear,249.33,370.30
3880,129.333,Right,1.4822,174.91,ear,255.16,366.73
3881,129.367,Right,1.4689,174.43,ear,244.14,362.32
3885,129.500,Right,1.4491,173.07,ear,260.52,363.35
3886,129.533,Right,1.4058,173.12,ear,251.50,365.95
3887,129.567,Right,1.4112,175.38,ear,250.93,367.97
3888,129.600,Right,1.3845,175.82,ear,245.71,373.40
3889,129.633,Right,1.4348,175.55,ear,252.43,374.76
3890,129.667,Right,1.4128,176.50,ear,254.18,370.16
3891,129.700,Right,1.4163,176.03,ear,260.44,377.51
3892,129.733,Right,1.3863,176.40,ear,261.15,377.46
3893,129.767,Right,1.3543,178.05,ear,261.66,373.73
3894,129.800,Right,1.3712,178.39,ear,266.57,378.71
3895,129.833,Right,1.3666,177.20,ear,269.71,385.18
3896,129.867,Right,1.3636,177.48,ear,269.69,379.69
3897,129.900,Right,1.3435,179.00,ear,271.39,377.55
3898,129.933,Right,1.3399,179.55,ear,267.87,375.08
3899,129.967,Right,1.3425,179.54,ear,269.09,382.15
3900,130.000,Right,1.3683,179.35,ear,267.49,381.55
3901,130.033,Right,1.3623,179.13,ear,277.07,396.68
3902,130.067,Right,1.2926,180.24,ear,276.35,384.76
3903,130.100,Right,1.2641,180.29,ear,284.33,379.51
3904,130.133,Right,1.2920,179.51,ear,287.97,385.69
3905,130.167,Right,1.3017,179.29,ear,306.00,393.79
3909,130.300,Right,1.5377,178.11,ear,278.71,372.70
3909,130.300,Right,1.3675,178.11,ear,444.04,203.48
3910,130.333,Right,1.5473,178.12,ear,285.93,366.26
3911,130.367,Right,1.5966,177.19,ear,285.66,363.69
3912,130.400,Right,1.6091,177.07,ear,281.86,357.30
3913,130.433,Right,1.6845,176.33,ear,279.66,358.18
3914,130.467,Right,1.7441,175.83,ear,275.96,364.62
3915,130.500,Right,1.8645,175.94,ear,272.38,360.56
3916,130.533,Right,1.8859,175.87,ear,270.66,360.20
3917,130.567,Right,1.8787,176.05,ear,271.23,358.17
3918,130.600,Right,1.8520,175.87,ear,273.98,360.17
3919,130.633,Right,1.8510,175.92,ear,271.95,362.68
3920,130.667,Right,1.8696,175.64,ear,270.59,363.44
3921,130.700,Right,1.8700,175.37,ear,267.43,362.30
3922,130.733,Right,1.8599,175.43,ear,260.45,368.23
3923,130.767,Right,1.9051,175.35,ear,260.04,373.01
3924,130.800,Right,1.8546,175.36,ear,263.13,376.45
3925,130.833,Right,1.8756,175.07,ear,260.42,383.80
3926,130.867,Right,1.8879,174.75,ear,257.65,392.79
3927,130.900,Right,1.9019,175.51,ear,254.64,390.62
3928,130.933,Right,1.9009,175.09,ear,248.16,389.56
3929,130.967,Right,1.9254,175.22,ear,249.06,383.21
3930,131.000,Right,1.8731,174.67,ear,254.97,373.91
3931,131.033,Right,1.9071,174.50,ear,256.06,370.79
3932,131.067,Right,1.9061,174.69,ear,258.23,366.78
3933,131.100,Right,1.9103,175.02,ear,259.98,361.16
3934,131.133,Right,1.8199,174.97,ear,266.94,349.44
3940,131.333,Right,1.4307,177.92,ear,350.62,339.08
3941,131.367,Right,1.3666,177.36,ear,342.84,363.84
3950,131.667,Right,1.9551,173.56,ear,294.32,422.20
3951,131.700,Right,1.6811,170.87,ear,292.80,420.12
3952,131.733,Right,1.6853,170.87,ear,306.83,409.31
3953,131.767,Right,1.6190,170.68,ear,303.50,412.04
3954,131.800,Right,1.5836,169.89,ear,300.81,407.03
3955,131.833,Right,1.5413,170.60,ear,304.34,416.25
3956,131.867,Right,1.5170,170.45,ear,301.38,424.27
3957,131.900,Right,1.4968,170.31,ear,292.13,414.38
3958,131.933,Right,1.4961,170.31,ear,288.12,412.98
3959,131.967,Right,1.5203,170.54,ear,294.02,409.72
3960,132.000,Right,1.4656,171.46,ear,296.18,413.79
3961,132.033,Right,1.4833,170.02,ear,292.28,409.41
3962,132.067,Right,1.5173,167.93,ear,290.78,402.94
3963,132.100,Right,1.5399,167.33,ear,293.24,392.59
3964,132.133,Right,1.5919,166.62,ear,294.35,386.83
3965,132.167,Right,1.6166,165.41,ear,294.88,386.44
3966,132.200,Right,1.5797,167.61,ear,293.24,386.66
3967,132.233,Right,1.4978,172.57,ear,289.22,385.91
3968,132.267,Right,1.5040,172.84,ear,292.98,380.49
3969,132.300,Right,1.4703,169.43,ear,284.29,385.35
3970,132.333,Right,1.4726,169.42,ear,283.14,386.59
3971,132.367,Right,1.4619,169.82,ear,274.28,387.09
3972,132.400,Right,1.4309,172.20,ear,271.92,389.72
3973,132.433,Right,1.3805,173.37,ear,268.05,399.77
3974,132.467,Right,1.3397,175.41,ear,263.25,399.96
3975,132.500,Right,1.3128,175.20,ear,259.96,397.20
3976,132.533,Right,1.3108,174.50,ear,262.92,395.53
3977,132.567,Right,1.3383,173.23,ear,260.43,389.91
3978,132.600,Right,1.3546,174.12,ear,254.95,388.35
3979,132.633,Right,1.3930,172.27,ear,251.04,385.20
3980,132.667,Right,1.3967,171.71,ear,248.94,384.91
3981,132.700,Right,1.3980,172.77,ear,247.33,383.63
3982,132.733,Right,1.3946,172.39,ear,246.06,381.97
3983,132.767,Right,1.4093,172.39,ear,242.75,382.25
3984,132.800,Right,1.4356,171.63,ear,242.59,384.00
3985,132.833,Right,1.4305,171.03,ear,243.20,386.54
3986,132.867,Right,1.4372,170.95,ear,240.39,384.55
3987,132.900,Right,1.4289,170.67,ear,238.69,383.89
3988,132.933,Right,1.4207,170.91,ear,238.97,382.67
3989,132.967,Right,1.4251,170.82,ear,236.81,382.46
3990,133.000,Right,1.3954,171.29,ear,235.82,382.02
3991,133.033,Right,1.3912,171.00,ear,236.74,380.23
3992,133.067,Right,1.3790,171.09,ear,237.90,378.62
3993,133.100,Right,1.3735,170.62,ear,236.61,378.31
3994,133.133,Right,1.3702,169.89,ear,237.78,376.50
3995,133.167,Right,1.3563,170.81,ear,241.83,376.55
3996,133.200,Right,1.3485,171.08,ear,240.42,374.75
3997,133.233,Right,1.3487,169.28,ear,241.62,373.98
3998,133.267,Right,1.3593,169.51,ear,239.63,376.13
3999,133.300,Right,1.3680,169.77,ear,242.55,378.99
4000,133.333,Right,1.3698,169.33,ear,242.94,379.78
4001,133.367,Right,1.3925,169.45,ear,244.53,380.36
4002,133.400,Right,1.3882,169.58,ear,239.36,377.39
4003,133.433,Right,1.3817,170.03,ear,238.59,377.96
4004,133.467,Right,1.3996,170.27,ear,237.63,381.23
4005,133.500,Right,1.3626,170.91,ear,244.35,377.57
4006,133.533,Right,1.3782,170.65,ear,239.53,386.99
4007,133.567,Right,1.2981,171.79,ear,235.30,388.54
4008,133.600,Right,1.2964,174.87,ear,234.01,386.88
4009,133.633,Right,1.3323,172.65,ear,237.20,383.57
4010,133.667,Right,1.3479,173.80,ear,243.23,384.85
4011,133.700,Right,1.4052,172.39,ear,262.86,388.33
4012,133.733,Right,1.4722,173.63,ear,278.68,384.65
4013,133.767,Right,1.3305,178.45,ear,318.58,389.97
4014,133.800,Right,1.3530,176.59,ear,327.63,389.71
4015,133.833,Right,1.2359,177.08,ear,330.90,393.13
4016,133.867,Right,1.2232,175.31,ear,355.02,404.49
4017,133.900,Right,1.1765,177.48,ear,380.21,410.01
4018,133.933,Right,1.1791,179.87,ear,358.43,412.95
4019,133.967,Right,1.2146,181.76,ear,369.61,429.15
4020,134.000,Right,1.3648,182.05,ear,356.28,436.67
4413,147.100,Left,1.7414,177.29,ear,350.09,214.00
4414,147.133,Right,1.6168,174.41,ear,379.25,203.49
4415,147.167,Right,1.5109,172.87,ear,405.34,187.72
4416,147.200,Left,1.4258,172.85,ear,414.69,169.51
4417,147.233,Right,1.3328,170.33,ear,470.94,169.09
4421,147.367,Right,0.8565,161.81,ear,590.83,209.49
4422,147.400,Right,0.8673,157.29,ear,595.23,214.26
4423,147.433,Right,0.8677,157.92,ear,595.68,212.18
4424,147.467,Right,0.8434,157.85,ear,597.75,215.51
4425,147.500,Right,0.8382,157.99,ear,596.47,217.91
4426,147.533,Right,0.7915,158.10,ear,598.42,227.70
4427,147.567,Right,0.7944,157.88,ear,596.62,230.86
4428,147.600,Right,0.7844,158.28,ear,596.86,232.03
4429,147.633,Right,0.7787,156.32,ear,597.43,233.66
4430,147.667,Right,0.8078,156.07,ear,594.95,233.77
4431,147.700,Right,0.7987,157.76,ear,593.93,236.95
4432,147.733,Right,0.8040,156.82,ear,590.62,242.32
4433,147.767,Right,0.8081,156.33,ear,589.89,244.83
4434,147.800,Right,0.8375,157.95,ear,583.16,244.68
4435,147.833,Right,0.7830,158.03,ear,571.64,242.90
4436,147.867,Right,0.7113,162.21,ear,563.91,240.27
4437,147.900,Right,0.5709,164.35,ear,546.85,238.50
4438,147.933,Right,0.7102,166.20,ear,528.27,240.64
4574,152.467,Right,1.5724,180.95,ear,304.80,434.73
4575,152.500,Right,1.5294,177.90,ear,310.89,444.84
4576,152.533,Right,1.4700,178.01,ear,309.70,442.23
4577,152.567,Right,1.4613,174.93,ear,304.23,442.25
4578,152.600,Right,1.4862,174.46,ear,300.86,448.30
4579,152.633,Right,1.5611,172.33,ear,289.59,446.31
4580,152.667,Right,1.6470,169.29,ear,272.01,442.55
4581,152.700,Right,1.8118,169.78,ear,257.09,457.75
4582,152.733,Right,1.8531,174.48,ear,227.67,448.37
4583,152.767,Right,2.0198,177.25,ear,200.20,443.67
4584,152.800,Right,2.1051,175.91,ear,183.88,457.52
4585,152.833,Right,2.1446,175.19,ear,163.72,462.49
4586,152.867,Right,2.1201,178.05,ear,163.47,468.29
4587,152.900,Right,2.1296,174.80,ear,164.13,467.87
4588,152.933,Right,2.0877,175.90,ear,166.81,468.81
4589,152.967,Right,2.0266,177.73,ear,170.56,467.83
4590,153.000,Right,2.0141,174.65,ear,173.08,467.97
4591,153.033,Right,2.0129,175.71,ear,176.77,467.60
4592,153.067,Right,2.0179,175.06,ear,175.26,464.31
4593,153.100,Right,2.0326,175.89,ear,174.49,464.93
4594,153.133,Right,2.0251,177.52,ear,172.90,465.39
4595,153.167,Right,2.0471,177.24,ear,168.80,464.51
4596,153.200,Right,2.0546,177.48,ear,162.81,469.31
4597,153.233,Right,2.0384,178.13,ear,161.58,471.59
4598,153.267,Right,2.0545,178.31,ear,156.82,473.65
4599,153.300,Right,2.0654,178.47,ear,154.35,478.23
4600,153.333,Right,2.0838,177.10,ear,152.17,484.00
4601,153.367,Right,2.0865,177.23,ear,149.37,486.17
4602,153.400,Right,2.1001,177.29,ear,147.06,490.63
4603,153.433,Right,2.0978,178.56,ear,142.90,491.82
4604,153.467,Right,2.0731,178.69,ear,141.25,492.98
4605,153.500,Right,2.0879,178.97,ear,140.02,491.93
4606,153.533,Right,2.0989,178.99,ear,142.76,493.08
4607,153.567,Right,2.0947,178.71,ear,140.77,494.93
4608,153.600,Right,2.1053,178.89,ear,142.78,492.12
4609,153.633,Right,2.1198,178.47,ear,145.65,489.62
4610,153.667,Right,2.1214,177.82,ear,147.49,486.13
4611,153.700,Right,2.1124,178.68,ear,145.66,485.61
4612,153.733,Right,2.1005,178.67,ear,147.16,485.73
4613,153.767,Right,2.1054,178.70,ear,152.09,483.09
4614,153.800,Right,2.0667,179.44,ear,156.03,481.60
4615,153.833,Right,2.0226,179.23,ear,160.72,476.05
4616,153.867,Right,1.9846,178.14,ear,159.87,470.80
4617,153.900,Right,2.0195,176.82,ear,167.43,472.57
4618,153.933,Right,2.0212,175.13,ear,165.36,476.45
4619,153.967,Right,2.0537,175.82,ear,168.89,474.18
4620,154.000,Right,2.0779,174.93,ear,176.01,470.87
4621,154.033,Right,2.3477,169.94,ear,150.77,460.51
4622,154.067,Right,2.4413,166.98,ear,147.97,450.51
4623,154.100,Right,2.5057,165.34,ear,140.05,448.29
4624,154.133,Right,2.5073,169.37,ear,132.65,442.57
4625,154.167,Right,2.5798,170.16,ear,120.51,451.97
4626,154.200,Right,2.7432,167.55,ear,117.06,452.86
4627,154.233,Right,2.8354,168.32,ear,116.24,451.50
4627,154.233,Right,2.8431,168.32,ear,123.13,442.55
4628,154.267,Right,2.8771,168.93,ear,115.08,453.96
4629,154.300,Right,2.8133,170.65,ear,109.79,459.88
4629,154.300,Right,2.8558,170.65,ear,116.74,417.75
4630,154.333,Right,2.9446,169.47,ear,109.11,458.42
4631,154.367,Right,3.0544,167.84,ear,110.53,460.73
4632,154.400,Right,3.0522,170.00,ear,120.95,455.99
4633,154.433,Left,2.8555,169.66,ear,149.43,438.53
4634,154.467,Right,2.6362,169.81,ear,188.91,415.80
4644,154.800,Right,0.5128,178.71,ear,513.54,305.02
4645,154.833,Right,0.4265,178.12,ear,511.18,305.54
4646,154.867,Right,0.4294,174.70,ear,500.47,305.28
4647,154.900,Right,0.4203,174.28,ear,494.02,300.96
4648,154.933,Right,0.4189,175.07,ear,491.89,299.32
4649,154.967,Right,0.3973,172.77,ear,488.83,296.63
4650,155.000,Right,0.3753,171.66,ear,489.87,294.20
4651,155.033,Right,0.3723,169.24,ear,489.95,293.61
4652,155.067,Right,0.3705,169.21,ear,485.46,289.28
4653,155.100,Right,0.3680,169.99,ear,484.10,289.18
4654,155.133,Right,0.3608,170.20,ear,482.38,289.03
4655,155.167,Right,0.3688,170.21,ear,480.74,289.47
4656,155.200,Right,0.3486,170.23,ear,481.43,286.82
4657,155.233,Right,0.3334,170.32,ear,479.14,288.53
4658,155.267,Right,0.3264,172.64,ear,483.01,289.60
4659,155.300,Right,0.3199,172.17,ear,482.45,287.84
4660,155.333,Right,0.3210,172.50,ear,480.17,289.34
4661,155.367,Right,0.3204,172.34,ear,480.74,289.08
4662,155.400,Right,0.3176,172.51,ear,482.60,288.13
4663,155.433,Right,0.3108,172.27,ear,481.82,287.39
4664,155.467,Right,0.3123,172.56,ear,478.30,288.87
4665,155.500,Right,0.3161,172.40,ear,476.48,286.97
4666,155.533,Right,0.3293,172.88,ear,478.37,284.93
4667,155.567,Right,0.3279,173.33,ear,477.82,286.42
4668,155.600,Right,0.3291,174.60,ear,477.22,286.18
4669,155.633,Right,0.3419,175.02,ear,476.85,287.13
4670,155.667,Right,0.3348,174.60,ear,476.56,289.22
4671,155.700,Right,0.3278,174.93,ear,474.04,289.29
4672,155.733,Right,0.3037,177.53,ear,476.13,290.05
4673,155.767,Right,0.2931,176.09,ear,473.09,291.46
4674,155.800,Right,0.2930,176.37,ear,472.57,291.72
4675,155.833,Right,0.3067,176.29,ear,474.74,293.16
4676,155.867,Right,0.3122,172.83,ear,476.10,295.01
4677,155.900,Right,0.3061,170.72,ear,475.43,291.96
4678,155.933,Right,0.3099,171.41,ear,476.31,292.53
4679,155.967,Right,0.3105,170.78,ear,474.58,294.20
4680,156.000,Right,0.3005,171.76,ear,476.05,296.35
4681,156.033,Right,0.3278,163.95,ear,472.15,300.50
4682,156.067,Right,0.3358,164.69,ear,472.40,304.57
4683,156.100,Right,0.3982,163.20,ear,462.84,302.14
4684,156.133,Right,0.4272,162.77,ear,461.50,303.48
4685,156.167,Right,0.4157,163.99,ear,460.22,303.48
4686,156.200,Right,0.4142,168.09,ear,456.15,311.59
4686,156.200,Left,0.4176,168.09,ear,482.60,267.71
4687,156.233,Right,0.4444,167.08,ear,448.01,317.28
4688,156.267,Right,0.5082,164.22,ear,440.60,323.93
4689,156.300,Right,0.5060,164.26,ear,430.41,330.29
4690,156.333,Right,0.5687,160.76,ear,430.72,332.86
4690,156.333,Right,0.5712,160.76,ear,458.96,297.71
4691,156.367,Right,0.5948,160.01,ear,425.70,333.93
4692,156.400,Right,0.6084,159.81,ear,423.24,336.67
4693,156.433,Right,0.6613,158.77,ear,415.55,344.88
4694,156.467,Left,0.6923,158.46,ear,407.21,352.75
4695,156.500,Right,0.7921,156.54,ear,396.60,359.16
4696,156.533,Right,0.7848,158.97,ear,396.17,359.49
4697,156.567,Right,0.8571,161.16,ear,393.16,367.26
4697,156.567,Left,0.9439,161.16,ear,424.07,334.84
4698,156.600,Right,0.9224,164.04,ear,384.47,373.15
4699,156.633,Left,0.9858,167.48,ear,377.86,382.63
4700,156.667,Left,1.0731,171.04,ear,362.37,384.63
4701,156.700,Right,1.1898,173.33,ear,359.50,394.97
4702,156.733,Right,1.3139,174.32,ear,339.76,401.73
5139,171.300,Left,1.5776,159.89,ear,793.08,530.17
5140,171.333,Left,1.4330,159.33,ear,770.18,513.73
5141,171.367,Left,1.4387,156.04,ear,761.45,511.65
5142,171.400,Left,1.1901,157.35,ear,755.82,503.09
5152,171.733,Left,0.1378,144.43,ear,665.48,408.89
5155,171.833,Left,0.4410,141.29,ear,729.22,521.76
5156,171.867,Left,0.3814,143.74,ear,737.41,508.81
5157,171.900,Left,0.7536,142.40,ear,747.90,500.24
5158,171.933,Left,0.4223,143.32,ear,769.10,484.77
5158,171.933,Left,0.3167,143.32,ear,744.64,467.30
5159,171.967,Left,0.4412,142.86,ear,768.90,485.51
5160,172.000,Left,0.4165,146.65,ear,769.25,491.35
5161,172.033,Left,0.7331,144.40,ear,748.50,505.67
5162,172.067,Right,0.5076,144.53,ear,734.51,508.79
5163,172.100,Left,0.2677,144.09,ear,573.53,325.56
5166,172.200,Left,0.9856,135.96,ear,586.62,582.76
5167,172.233,Right,0.9066,132.20,ear,583.34,591.79
5168,172.267,Left,1.0103,131.97,ear,586.15,594.28
5171,172.367,Left,0.7859,135.53,ear,585.20,591.79
5172,172.400,Right,0.7363,136.07,ear,583.09,577.93
5173,172.433,Right,0.7055,131.89,ear,578.43,576.54
5174,172.467,Right,0.7422,131.04,ear,575.52,572.42
5175,172.500,Left,0.6572,134.11,ear,574.97,567.47
5176,172.533,Right,0.7159,136.09,ear,574.33,567.85
5177,172.567,Right,0.7705,138.75,ear,572.06,573.96
5178,172.600,Left,0.8079,138.49,ear,574.51,558.99
5179,172.633,Left,0.7806,135.09,ear,573.27,551.26
5179,172.633,Left,0.7922,135.09,ear,536.21,410.34
5180,172.667,Right,0.8310,135.29,ear,564.23,544.31
5181,172.700,Right,0.7769,135.42,ear,559.28,546.44
5181,172.700,Left,0.6976,135.42,ear,526.85,393.23
5182,172.733,Right,0.7600,136.33,ear,560.07,539.59
5182,172.733,Right,0.9814,136.33,ear,500.78,424.44
5183,172.767,Right,0.7868,135.99,ear,555.52,538.28
5183,172.767,Right,1.0141,135.99,ear,492.26,430.47
5184,172.800,Left,0.8708,135.79,ear,562.30,544.12
5184,172.800,Right,0.9965,135.79,ear,494.56,433.35
5185,172.833,Right,0.9822,135.30,ear,502.90,426.60
5186,172.867,Left,0.6402,136.29,ear,579.25,562.86
5187,172.900,Left,0.6936,135.39,ear,582.60,574.97
5188,172.933,Left,0.6763,135.76,ear,581.16,573.77
5189,172.967,Left,0.7307,135.75,ear,582.13,580.84
5190,173.000,Left,0.8496,135.80,ear,592.92,577.54
5192,173.067,Left,0.8040,136.03,ear,597.33,605.73
5193,173.100,Left,0.8407,135.48,ear,599.66,609.32
5194,173.133,Left,0.9405,135.41,ear,598.13,609.91
5196,173.200,Left,1.0867,134.91,ear,604.14,617.98
5197,173.233,Left,1.3725,134.94,ear,609.13,636.43
5199,173.300,Left,1.6722,135.32,ear,598.75,659.57
5202,173.400,Left,1.3434,128.92,ear,599.68,664.04
5203,173.433,Left,1.2885,128.57,ear,605.10,662.38
5204,173.467,Left,1.2240,126.18,ear,614.77,654.39
5205,173.500,Left,1.1799,125.31,ear,611.39,647.17
5206,173.533,Left,1.1498,125.12,ear,609.68,659.84
5207,173.567,Left,1.0897,124.17,ear,626.81,667.92
5208,173.600,Left,1.0421,124.11,ear,629.36,656.27
5209,173.633,Left,0.9789,124.50,ear,627.34,639.93
5210,173.667,Right,0.9104,127.02,ear,637.61,639.47
5211,173.700,Left,0.8034,127.84,ear,647.80,624.51
5212,173.733,Left,0.6553,131.11,ear,661.19,613.36
5213,173.767,Left,0.7115,136.38,ear,666.11,606.72
5214,173.800,Left,0.6874,139.24,ear,675.27,606.38
5215,173.833,Left,0.7655,142.38,ear,689.65,603.71
5218,173.933,Left,0.7623,146.99,ear,727.71,612.21
5219,173.967,Right,1.0602,148.70,ear,444.56,476.94
5220,174.000,Right,1.1438,149.01,ear,436.06,478.70
5221,174.033,Right,1.2540,152.21,ear,423.79,480.30
5221,174.033,Left,0.9316,152.21,ear,749.00,622.99
5222,174.067,Right,1.1148,153.46,ear,430.67,475.41
5222,174.067,Left,0.9463,153.46,ear,746.66,630.01
5223,174.100,Left,1.3898,155.27,ear,429.46,475.64
5223,174.100,Left,0.9749,155.27,ear,741.60,623.13
5224,174.133,Right,1.2310,156.22,ear,431.20,459.77
5224,174.133,Left,0.9712,156.22,ear,744.23,615.40
5225,174.167,Left,1.0491,157.26,ear,748.30,617.92
5226,174.200,Left,0.9516,158.78,ear,742.29,613.06
5227,174.233,Left,0.7242,160.14,ear,744.32,611.01
5228,174.267,Left,0.7358,162.52,ear,758.28,610.13
5229,174.300,Left,0.7749,163.14,ear,775.03,614.43
5230,174.333,Left,0.8340,162.71,ear,792.30,621.42
5231,174.367,Left,0.9165,161.87,ear,802.95,624.82
5232,174.400,Left,0.9712,160.30,ear,818.87,624.80
5233,174.433,Left,0.9920,156.81,ear,828.20,627.64
5234,174.467,Left,0.9890,155.45,ear,835.82,629.23
5235,174.500,Left,1.0079,152.34,ear,845.11,629.96
5236,174.533,Left,1.0420,152.99,ear,855.16,642.24
5237,174.567,Left,1.0370,152.50,ear,860.23,645.52
5238,174.600,Left,1.0532,153.20,ear,867.03,653.19
5239,174.633,Left,1.0883,151.09,ear,869.22,660.39
5240,174.667,Left,1.0689,151.25,ear,867.77,655.96
5241,174.700,Left,1.0538,150.40,ear,867.17,663.53
5242,174.733,Left,1.0682,145.62,ear,868.01,663.58
5242,174.733,Right,1.4940,145.62,ear,534.48,563.06
5243,174.767,Left,1.0084,145.36,ear,862.52,658.08
5243,174.767,Right,1.3669,145.36,ear,527.95,563.47
5244,174.800,Left,0.9813,144.13,ear,859.62,663.53
5244,174.800,Left,1.3471,144.13,ear,529.98,563.06
5245,174.833,Left,0.9942,142.40,ear,859.15,664.03
5245,174.833,Right,1.5232,142.40,ear,518.94,563.28
5246,174.867,Left,1.0182,141.65,ear,860.04,662.15
5246,174.867,Right,1.4550,141.65,ear,515.28,555.04
5247,174.900,Left,0.9971,141.16,ear,855.90,667.68
5247,174.900,Right,1.5526,141.16,ear,515.85,556.39
5248,174.933,Left,0.8726,141.06,ear,851.28,657.53
5248,174.933,Right,1.6897,141.06,ear,527.35,556.12
5249,174.967,Left,1.0013,140.41,ear,853.77,672.97
5249,174.967,Right,1.3816,140.41,ear,513.32,559.20
5250,175.000,Left,1.0459,138.73,ear,848.18,683.20
5250,175.000,Right,1.6287,138.73,ear,519.21,554.61
5251,175.033,Left,0.9915,140.81,ear,844.03,670.90
5251,175.033,Right,1.3620,140.81,ear,531.20,550.06
5252,175.067,Left,1.0525,136.91,ear,842.97,673.75
5252,175.067,Right,1.6258,136.91,ear,534.75,547.75
5253,175.100,Left,1.1135,133.08,ear,848.47,682.17
5253,175.100,Right,1.6636,133.08,ear,527.38,550.28
5254,175.133,Left,1.1381,133.31,ear,839.81,681.28
5254,175.133,Right,1.5730,133.31,ear,527.09,548.61
5255,175.167,Left,1.1216,135.91,ear,838.08,680.66
5255,175.167,Right,1.4981,135.91,ear,522.50,553.98
5256,175.200,Left,1.1772,143.42,ear,843.99,686.19
5256,175.200,Right,1.4164,143.42,ear,532.25,530.03
5257,175.233,Left,1.1377,154.29,ear,862.15,690.52
5258,175.267,Left,1.1270,160.34,ear,862.90,704.09
5259,175.300,Left,1.1614,161.69,ear,857.94,714.93
5259,175.300,Right,1.5440,161.69,ear,435.97,511.62
5260,175.333,Left,1.5937,155.57,ear,864.27,729.24
5260,175.333,Right,1.6745,155.57,ear,422.47,507.61
5261,175.367,Right,1.6740,152.84,ear,392.07,518.21
5262,175.400,Right,1.2515,152.65,ear,371.80,532.78
5263,175.433,Right,1.2184,155.20,ear,346.35,551.83
5728,190.933,Right,0.7213,166.01,ear,440.00,597.58
5729,190.967,Right,0.5592,161.67,ear,492.94,636.20
5730,191.000,Right,0.4295,159.18,ear,512.50,621.13
5731,191.033,Right,0.2825,158.21,ear,552.45,606.36
5732,191.067,Right,0.1928,156.11,ear,571.36,575.47
5733,191.100,Right,0.1360,154.78,ear,609.46,562.89
5733,191.100,Left,0.1728,154.78,ear,634.79,442.17
5734,191.133,Right,0.2553,153.25,ear,697.49,569.37
5734,191.133,Right,0.1811,153.25,ear,657.30,438.62
5735,191.167,Left,0.2098,143.71,ear,742.97,570.32
5736,191.200,Left,0.1620,137.74,ear,764.27,570.66
5737,191.233,Left,0.2162,137.65,ear,770.64,575.77
5738,191.267,Left,0.1529,134.09,ear,770.57,589.97
5739,191.300,Left,0.3191,139.13,ear,775.50,616.88
5740,191.333,Left,0.3892,139.38,ear,772.25,627.88
5741,191.367,Left,0.4614,145.83,ear,763.68,629.08
5742,191.400,Left,0.4380,143.09,ear,762.62,647.98
5743,191.433,Left,0.4394,143.92,ear,767.09,651.48
5744,191.467,Left,0.4068,140.61,ear,774.20,659.68
5745,191.500,Left,0.2596,140.28,ear,780.52,649.61
5746,191.533,Left,0.2151,137.95,ear,784.89,631.19
5746,191.533,Left,0.1551,137.95,ear,709.90,453.97
5755,191.833,Left,1.7857,169.28,ear,154.88,372.34
5756,191.867,Left,1.9703,170.02,ear,137.67,382.40
5757,191.900,Left,2.0660,170.34,ear,115.40,389.11
5758,191.933,Left,2.2619,171.05,ear,101.12,417.35
5759,191.967,Left,2.3071,171.07,ear,108.24,424.98
5760,192.000,Right,2.3738,170.88,ear,110.09,440.63
5761,192.033,Right,2.4835,171.04,ear,116.98,429.38
5762,192.067,Left,2.5133,173.31,ear,122.92,438.92
5763,192.100,Right,2.4412,175.75,ear,138.65,429.47
5763,192.100,Left,2.1827,175.75,ear,148.97,428.78
5764,192.133,Right,2.3390,177.67,ear,156.20,420.37
5765,192.167,Right,2.2995,179.31,ear,151.85,421.02
5766,192.200,Right,1.8968,178.85,ear,185.58,405.11
5767,192.233,Right,1.8897,176.15,ear,197.55,398.51
5768,192.267,Right,1.8718,176.56,ear,199.02,389.58
5769,192.300,Right,1.7137,176.11,ear,221.13,373.68
5770,192.333,Right,1.5954,175.99,ear,235.18,374.32
5771,192.367,Right,1.4948,178.00,ear,243.13,366.08
5772,192.400,Right,1.4820,180.35,ear,249.87,361.41
5773,192.433,Right,1.3453,181.89,ear,267.34,353.06
5774,192.467,Right,1.2088,180.92,ear,264.18,365.33
5775,192.500,Right,1.2096,182.15,ear,272.09,367.90
5776,192.533,Right,1.2690,177.92,ear,270.21,370.56
5776,192.533,Left,1.6032,177.92,ear,1188.50,390.38
5777,192.567,Right,1.2919,178.47,ear,259.57,378.34
5777,192.567,Left,1.5247,178.47,ear,1188.88,393.33
5778,192.600,Right,1.3329,180.45,ear,244.76,386.42
5778,192.600,Left,1.4756,180.45,ear,1192.48,394.22
5779,192.633,Right,1.4102,178.40,ear,235.90,390.91
5779,192.633,Left,1.4837,178.40,ear,1198.86,392.74
5780,192.667,Right,1.4832,179.22,ear,212.64,390.10
5780,192.667,Left,1.5108,179.22,ear,1208.06,390.00
5781,192.700,Right,1.5119,179.55,ear,197.67,388.69
5781,192.700,Left,1.5373,179.55,ear,1211.48,388.69
5782,192.733,Right,1.5568,180.11,ear,188.28,386.11
5782,192.733,Left,1.5902,180.11,ear,1221.86,388.04
5783,192.767,Right,1.6537,180.11,ear,181.62,385.54
5783,192.767,Left,1.6104,180.11,ear,1226.96,388.25
5784,192.800,Right,1.6513,179.64,ear,168.71,388.77
5784,192.800,Left,1.6327,179.64,ear,1228.55,384.16
5785,192.833,Right,1.6965,180.52,ear,160.77,390.99
5785,192.833,Left,1.6694,180.52,ear,1236.42,380.39
5786,192.867,Right,1.7592,179.13,ear,156.48,397.37
5786,192.867,Left,1.7727,179.13,ear,1240.16,380.24
5787,192.900,Right,1.7761,179.38,ear,139.43,402.33
5787,192.900,Left,1.8920,179.38,ear,1254.67,375.54
5788,192.933,Right,1.8395,176.55,ear,131.03,415.97
5788,192.933,Left,2.0650,176.55,ear,1251.02,373.91
5789,192.967,Right,1.8472,176.80,ear,121.41,433.30
5789,192.967,Left,2.2422,176.80,ear,1270.53,375.50
5790,193.000,Right,1.8660,177.16,ear,98.04,435.78
5790,193.000,Left,2.3148,177.16,ear,1271.37,371.47
5791,193.033,Right,1.9090,176.01,ear,106.14,456.20
5791,193.033,Left,2.3918,176.01,ear,1271.15,369.62
5792,193.067,Right,1.9709,173.62,ear,76.93,480.39
5792,193.067,Left,2.3809,173.62,ear,1247.42,387.09
5793,193.100,Right,1.9596,173.54,ear,72.35,500.18
5794,193.133,Right,1.9417,172.10,ear,47.36,508.93
5795,193.167,Right,1.8491,172.91,ear,52.27,514.59
5796,193.200,Right,1.7995,172.45,ear,49.21,511.42
5797,193.233,Right,1.7347,172.73,ear,50.53,515.89
5798,193.267,Right,1.7297,173.66,ear,55.66,512.20
5799,193.300,Right,1.6846,175.18,ear,84.39,508.85
5800,193.333,Right,1.6322,174.35,ear,99.88,499.41
5801,193.367,Right,1.5980,173.31,ear,109.97,484.83
5802,193.400,Right,1.5678,174.04,ear,128.79,478.38
5803,193.433,Right,1.4913,173.94,ear,156.81,468.91
5804,193.467,Right,1.4382,175.15,ear,177.31,457.34
5804,193.467,Left,1.5272,175.15,ear,1216.10,430.27
5805,193.500,Right,1.2872,174.67,ear,198.18,446.93
5805,193.500,Left,1.4123,174.67,ear,1173.82,449.77
5806,193.533,Right,1.1325,177.15,ear,224.26,434.56
5806,193.533,Left,1.2403,177.15,ear,1142.92,449.42
5807,193.567,Right,1.0480,176.87,ear,248.53,424.82
5807,193.567,Left,1.1219,176.87,ear,1113.53,453.48
5808,193.600,Right,1.0063,177.43,ear,274.84,414.79
5808,193.600,Left,1.0565,177.43,ear,1081.74,454.02
5809,193.633,Right,0.9902,177.20,ear,289.10,418.86
5809,193.633,Left,0.9153,177.20,ear,1056.64,453.86
5810,193.667,Right,0.9774,177.08,ear,303.21,422.98
5810,193.667,Left,0.8741,177.08,ear,1040.97,449.35
5811,193.700,Right,0.9843,176.42,ear,317.45,418.04
5811,193.700,Left,0.8248,176.42,ear,1024.38,451.47
5812,193.733,Right,0.9679,176.30,ear,323.56,426.11
5812,193.733,Left,0.7932,176.30,ear,1015.59,452.62
5813,193.767,Right,0.9891,176.26,ear,329.37,431.48
5813,193.767,Left,0.7907,176.26,ear,1008.05,453.71
5814,193.800,Right,0.9720,175.14,ear,338.75,432.95
5814,193.800,Left,0.7908,175.14,ear,1002.32,454.58
5815,193.833,Right,0.9835,175.11,ear,343.56,437.43
5815,193.833,Left,0.8007,175.11,ear,997.28,454.31
5816,193.867,Right,0.9921,174.54,ear,340.83,440.72
5816,193.867,Left,0.8012,174.54,ear,994.10,453.85
5817,193.900,Right,1.0032,174.24,ear,341.71,442.37
5817,193.900,Left,0.8092,174.24,ear,994.31,453.15
5818,193.933,Right,0.9977,175.15,ear,343.59,442.20
5818,193.933,Left,0.8008,175.15,ear,993.66,452.07
5819,193.967,Right,0.9846,177.09,ear,344.14,443.01
5819,193.967,Left,0.7982,177.09,ear,995.26,452.99
5820,194.000,Right,0.9793,177.92,ear,344.42,442.06
5820,194.000,Left,0.8048,177.92,ear,996.44,451.35
5821,194.033,Right,0.9613,178.98,ear,344.56,440.68
5821,194.033,Left,0.8167,178.98,ear,997.86,448.70
5822,194.067,Right,0.9511,179.86,ear,345.16,438.38
5822,194.067,Left,0.8242,179.86,ear,998.88,445.96
5823,194.100,Right,0.9347,180.48,ear,341.47,436.44
5823,194.100,Left,0.8295,180.48,ear,1004.91,448.35
5824,194.133,Right,0.9281,181.17,ear,340.47,434.16
5824,194.133,Left,0.8398,181.17,ear,1009.72,450.32
5825,194.167,Right,0.9310,178.99,ear,338.13,433.02
5825,194.167,Left,0.8543,178.99,ear,1011.41,450.91
5826,194.200,Right,0.9423,178.63,ear,335.01,432.03
5826,194.200,Left,0.8669,178.63,ear,1013.00,454.08
5827,194.233,Right,0.9394,178.64,ear,336.09,431.94
5827,194.233,Left,0.8729,178.64,ear,1013.30,454.24
5828,194.267,Right,0.9233,178.96,ear,335.26,430.56
5828,194.267,Left,0.8816,178.96,ear,1015.54,454.27
5829,194.300,Right,0.9182,180.36,ear,332.72,428.90
5829,194.300,Left,0.8871,180.36,ear,1015.96,456.18
5830,194.333,Right,0.9354,179.21,ear,331.20,427.27
5830,194.333,Left,0.8897,179.21,ear,1017.00,457.47
5831,194.367,Right,0.9290,179.48,ear,331.40,426.63
5831,194.367,Left,0.9063,179.48,ear,1016.96,459.39
5832,194.400,Right,0.9259,179.23,ear,330.84,426.09
5832,194.400,Left,0.9109,179.23,ear,1016.46,459.32
5833,194.433,Right,0.9287,179.38,ear,329.12,424.59
5833,194.433,Left,0.9002,179.38,ear,1016.15,458.76
5834,194.467,Right,0.9215,178.81,ear,329.62,423.24
5834,194.467,Left,0.8954,178.81,ear,1016.72,458.10
5835,194.500,Right,0.9122,181.39,ear,333.33,422.83
5835,194.500,Left,0.8757,181.39,ear,1014.99,458.09
5836,194.533,Right,0.9137,181.14,ear,332.60,422.86
5836,194.533,Left,0.8593,181.14,ear,1014.22,458.34
5837,194.567,Right,0.8866,181.98,ear,333.12,423.16
5837,194.567,Left,0.8429,181.98,ear,1015.47,458.76
5838,194.600,Right,0.8938,180.35,ear,333.45,422.37
5838,194.600,Left,0.8388,180.35,ear,1016.05,458.41
5839,194.633,Right,0.8805,180.02,ear,333.67,420.91
5839,194.633,Left,0.8285,180.02,ear,1017.88,458.84
5840,194.667,Right,0.8776,178.39,ear,331.43,418.80
5840,194.667,Left,0.8393,178.39,ear,1019.75,456.80
5841,194.700,Right,0.8627,178.41,ear,329.62,414.61
5841,194.700,Left,0.8296,178.41,ear,1023.63,454.42
5842,194.733,Right,0.8482,178.20,ear,326.31,411.31
5842,194.733,Left,0.8645,178.20,ear,1032.87,450.43
5843,194.767,Right,0.8367,178.85,ear,324.24,408.22
5843,194.767,Left,0.8842,178.85,ear,1045.33,452.78
5844,194.800,Right,0.8292,180.26,ear,314.59,403.85
5844,194.800,Left,0.8917,180.26,ear,1055.75,453.77
5845,194.833,Right,0.8356,180.59,ear,304.52,400.90
5845,194.833,Left,0.9124,180.59,ear,1073.05,453.28
5846,194.867,Right,0.8482,179.03,ear,292.57,401.43
5846,194.867,Left,0.9711,179.03,ear,1093.65,453.51
5847,194.900,Right,0.8609,179.15,ear,283.16,401.84
5847,194.900,Left,1.0517,179.15,ear,1103.64,451.01
5848,194.933,Right,0.8571,178.44,ear,269.04,407.12
5848,194.933,Left,1.0965,178.44,ear,1118.14,458.07
5849,194.967,Right,0.9382,177.02,ear,255.06,412.29
5849,194.967,Left,1.2020,177.02,ear,1143.29,466.66
5850,195.000,Right,1.0198,174.83,ear,243.90,424.08
5850,195.000,Left,1.2901,174.83,ear,1171.11,474.46
5851,195.033,Right,1.0720,173.96,ear,229.24,435.34
5851,195.033,Left,1.3616,173.96,ear,1182.38,492.98
5852,195.067,Right,1.1342,175.91,ear,206.36,444.61
5852,195.067,Left,1.4469,175.91,ear,1206.58,501.10
5853,195.100,Right,1.2012,174.21,ear,196.96,452.47
5853,195.100,Left,1.5511,174.21,ear,1225.09,509.41
5854,195.133,Right,1.2373,172.01,ear,185.34,466.38
5854,195.133,Left,1.6956,172.01,ear,1240.32,536.48
5855,195.167,Right,1.3062,171.51,ear,168.08,478.59
5855,195.167,Left,1.7711,171.51,ear,1242.15,548.31
5856,195.200,Right,1.3364,169.46,ear,160.76,487.65
5856,195.200,Left,1.9325,169.46,ear,1249.12,556.33
5857,195.233,Right,1.3749,168.76,ear,148.31,497.19
5857,195.233,Left,1.9364,168.76,ear,1265.38,550.58
5858,195.267,Right,1.3901,167.56,ear,140.53,504.81
5858,195.267,Left,1.9762,167.56,ear,1275.55,577.75
5859,195.300,Right,1.3849,167.36,ear,136.69,506.13
5859,195.300,Left,2.0002,167.36,ear,1288.52,585.61
5860,195.333,Right,1.3932,168.21,ear,136.26,509.06
5860,195.333,Left,2.0615,168.21,ear,1296.12,570.25
5861,195.367,Right,1.3829,168.54,ear,135.82,509.68
5861,195.367,Left,2.0405,168.54,ear,1287.14,568.60
5862,195.400,Right,1.3689,168.08,ear,136.45,510.53
5862,195.400,Left,2.0446,168.08,ear,1306.78,567.15
5863,195.433,Right,1.3324,169.01,ear,138.28,510.36
5863,195.433,Left,1.9903,169.01,ear,1282.82,563.50
5864,195.467,Right,1.3202,171.20,ear,139.43,511.79
5864,195.467,Left,1.9728,171.20,ear,1297.41,553.04
5865,195.500,Right,1.3246,171.12,ear,141.75,510.76
5865,195.500,Left,1.9039,171.12,ear,1283.40,538.22
5866,195.533,Right,1.3134,171.14,ear,143.94,510.94
5866,195.533,Left,1.8931,171.14,ear,1269.26,542.73
5867,195.567,Right,1.3193,167.77,ear,146.91,512.95
5867,195.567,Left,1.9161,167.77,ear,1275.90,534.19
5868,195.600,Right,1.3158,167.33,ear,145.67,510.60
5868,195.600,Left,1.9041,167.33,ear,1261.09,536.84
5869,195.633,Right,1.3153,168.00,ear,147.36,509.42
5869,195.633,Left,1.8892,168.00,ear,1272.05,538.11
5870,195.667,Right,1.3273,167.56,ear,145.99,508.37
5870,195.667,Left,1.8822,167.56,ear,1267.65,538.18
5871,195.700,Right,1.3324,167.13,ear,146.93,506.14
5871,195.700,Left,1.8641,167.13,ear,1263.78,530.85
5872,195.733,Right,1.3268,166.80,ear,150.67,502.35
5872,195.733,Left,1.8687,166.80,ear,1252.92,528.01
5873,195.767,Right,1.3263,166.97,ear,157.60,497.43
5873,195.767,Left,1.8444,166.97,ear,1250.63,538.30
5874,195.800,Right,1.2869,166.87,ear,166.11,485.42
5874,195.800,Left,1.7672,166.87,ear,1241.13,555.54
5875,195.833,Right,1.2518,167.15,ear,177.39,475.81
5875,195.833,Left,1.6260,167.15,ear,1247.09,568.86
5876,195.867,Right,1.2230,167.71,ear,193.44,462.12
5876,195.867,Left,1.5112,167.71,ear,1215.46,569.01
5877,195.900,Right,1.1820,171.78,ear,207.07,450.13
5877,195.900,Left,1.3826,171.78,ear,1185.78,576.31
5878,195.933,Right,1.1552,171.12,ear,223.22,439.14
5878,195.933,Left,1.2439,171.12,ear,1168.53,557.36
5879,195.967,Right,1.1500,171.34,ear,232.20,434.65
5879,195.967,Left,1.1269,171.34,ear,1125.13,536.25
5880,196.000,Right,1.1063,172.01,ear,245.57,428.50
5880,196.000,Left,1.0335,172.01,ear,1096.88,517.55
5881,196.033,Right,1.0488,174.98,ear,255.89,422.40
5881,196.033,Left,0.9469,174.98,ear,1078.67,503.04
5882,196.067,Right,1.0338,174.87,ear,260.16,415.50
5882,196.067,Left,0.9201,174.87,ear,1067.18,490.82
5883,196.100,Right,1.0376,175.34,ear,266.93,412.88
5883,196.100,Left,0.9005,175.34,ear,1060.65,488.53
5884,196.133,Right,1.0542,175.20,ear,271.15,411.03
5884,196.133,Left,0.8917,175.20,ear,1059.58,485.39
5885,196.167,Right,1.0786,173.22,ear,272.67,407.03
5885,196.167,Left,0.8881,173.22,ear,1058.69,482.32
5886,196.200,Right,1.0886,173.67,ear,273.02,405.69
5886,196.200,Left,0.8868,173.67,ear,1058.87,478.29
5887,196.233,Right,1.0931,175.71,ear,274.89,403.93
5887,196.233,Left,0.8623,175.71,ear,1059.81,477.03
5888,196.267,Right,1.1050,175.40,ear,278.26,404.34
5888,196.267,Left,0.8688,175.40,ear,1063.94,478.35
5889,196.300,Right,1.1004,176.57,ear,280.09,403.38
5889,196.300,Left,0.8700,176.57,ear,1064.49,478.59
5890,196.333,Right,1.1020,177.14,ear,281.83,403.21
5890,196.333,Left,0.8788,177.14,ear,1063.21,480.66
5891,196.367,Right,1.0989,176.60,ear,284.56,402.07
5891,196.367,Left,0.8617,176.60,ear,1065.04,479.86
5892,196.400,Right,1.1180,174.40,ear,284.62,401.73
5892,196.400,Left,0.8640,174.40,ear,1065.86,480.93
5893,196.433,Right,1.1294,174.95,ear,280.56,400.94
5893,196.433,Left,0.8710,174.95,ear,1065.70,479.77
5894,196.467,Right,1.1182,176.85,ear,278.35,399.29
5894,196.467,Left,0.8623,176.85,ear,1065.00,482.25
5895,196.500,Right,1.1476,176.87,ear,273.40,397.80
5895,196.500,Left,0.8572,176.87,ear,1065.25,482.20
5896,196.533,Right,1.1177,178.28,ear,273.09,396.80
5896,196.533,Left,0.8569,178.28,ear,1064.66,482.05
5897,196.567,Right,1.1289,178.41,ear,269.98,393.19
5897,196.567,Left,0.8407,178.41,ear,1064.55,480.93
5898,196.600,Right,1.1267,178.99,ear,261.67,390.59
5898,196.600,Left,0.8324,178.99,ear,1065.26,480.21
5899,196.633,Right,1.1104,179.59,ear,256.33,391.47
5899,196.633,Left,0.8612,179.59,ear,1067.37,477.25
5900,196.667,Right,1.1434,180.67,ear,251.42,391.88
5900,196.667,Left,0.8677,180.67,ear,1066.42,474.75
5901,196.700,Right,1.1587,181.89,ear,244.96,390.20
5901,196.700,Left,0.8972,181.89,ear,1069.03,469.95
5902,196.733,Right,1.1965,182.86,ear,236.65,389.02
5902,196.733,Left,0.9543,182.86,ear,1067.78,462.89
5903,196.767,Right,1.1888,183.37,ear,238.37,389.65
5903,196.767,Left,0.9533,183.37,ear,1065.54,459.30
5904,196.800,Right,1.1956,183.40,ear,236.12,390.65
5904,196.800,Left,1.0704,183.40,ear,1064.50,451.87
5905,196.833,Right,1.2322,182.75,ear,230.07,388.24
5905,196.833,Left,1.3608,182.75,ear,1067.03,431.72
5906,196.867,Right,1.2512,180.63,ear,229.91,388.42
5906,196.867,Left,1.4678,180.63,ear,1068.33,425.04
5907,196.900,Right,1.2390,180.21,ear,228.50,389.95
5907,196.900,Left,1.5468,180.21,ear,1071.12,422.54
5908,196.933,Right,1.2262,178.49,ear,230.06,389.11
5908,196.933,Left,1.6669,178.49,ear,1073.17,421.73
5909,196.967,Right,1.2324,177.28,ear,233.48,390.72
5909,196.967,Left,1.7157,177.28,ear,1079.82,424.97
5910,197.000,Right,1.2616,176.53,ear,236.68,391.92
5910,197.000,Left,1.6957,176.53,ear,1079.13,428.39
5911,197.033,Right,1.3115,175.45,ear,239.42,392.51
5911,197.033,Left,1.6238,175.45,ear,1091.81,428.11
5912,197.067,Right,1.3410,174.64,ear,239.59,395.89
5912,197.067,Left,1.5980,174.64,ear,1095.92,433.31
5913,197.100,Right,1.3822,173.54,ear,241.15,396.04
5913,197.100,Left,1.6002,173.54,ear,1092.59,431.84
5914,197.133,Right,1.3837,173.10,ear,240.63,395.25
5914,197.133,Left,1.6114,173.10,ear,1092.52,431.66
5915,197.167,Right,1.4255,172.95,ear,238.80,391.38
5915,197.167,Left,1.6269,172.95,ear,1087.40,436.12
5916,197.200,Right,1.4341,173.01,ear,242.01,390.57
5916,197.200,Left,1.6133,173.01,ear,1086.39,444.16
5917,197.233,Right,1.4532,173.03,ear,244.29,391.24
5917,197.233,Left,1.5898,173.03,ear,1077.42,437.24
5918,197.267,Right,1.4749,173.11,ear,243.45,390.09
5918,197.267,Left,1.5772,173.11,ear,1070.55,434.83
5919,197.300,Right,1.5003,173.10,ear,242.60,390.61
5919,197.300,Left,1.7034,173.10,ear,1065.67,452.96
5920,197.333,Right,1.4985,172.97,ear,244.49,389.19
5920,197.333,Left,1.6007,172.97,ear,1057.18,452.82
5921,197.367,Right,1.5063,173.87,ear,245.46,386.70
5921,197.367,Left,1.2670,173.87,ear,1055.13,469.70
5922,197.400,Right,1.4939,173.40,ear,243.79,387.10
5923,197.433,Right,1.4882,174.18,ear,243.32,387.52
5923,197.433,Left,1.0292,174.18,ear,1041.12,481.66
5924,197.467,Right,1.4798,175.07,ear,242.78,386.04
5924,197.467,Left,0.8057,175.07,ear,1030.53,504.34
5925,197.500,Right,1.4754,175.40,ear,242.41,385.60
5925,197.500,Left,0.8177,175.40,ear,1034.40,511.04
5926,197.533,Right,1.4633,175.57,ear,240.57,385.94
5926,197.533,Left,0.7675,175.57,ear,1030.74,531.63
5927,197.567,Right,1.4419,178.20,ear,239.54,387.71
5927,197.567,Left,0.7855,178.20,ear,1028.79,551.63
5928,197.600,Right,1.4075,179.79,ear,244.28,387.97
5928,197.600,Left,0.8162,179.79,ear,1039.01,579.67
5929,197.633,Right,1.3708,179.78,ear,247.83,389.50
5929,197.633,Right,0.9888,179.78,ear,1059.03,629.67
5930,197.667,Right,1.3522,181.74,ear,251.66,388.95
5930,197.667,Right,1.0825,181.74,ear,1068.26,664.88
5931,197.700,Right,1.2895,185.76,ear,253.74,386.45
5931,197.700,Left,1.1857,185.76,ear,1041.25,720.58
5932,197.733,Right,1.2962,183.04,ear,255.77,389.07
5933,197.767,Right,1.2562,184.33,ear,260.24,391.09
5934,197.800,Right,1.2800,182.64,ear,266.18,387.59
5934,197.800,Right,1.2872,182.64,ear,278.76,381.03
5935,197.833,Right,1.2632,184.69,ear,279.51,389.17
5935,197.833,Right,1.2674,184.69,ear,279.61,384.53
5936,197.867,Right,1.2663,185.22,ear,279.89,388.92
5936,197.867,Left,1.2621,185.22,ear,272.42,386.05
5937,197.900,Right,1.1905,188.98,ear,285.78,395.00
5937,197.900,Right,1.2162,188.98,ear,284.81,386.45
5938,197.933,Right,1.2052,184.46,ear,315.25,383.62
5938,197.933,Right,1.2153,184.46,ear,304.29,384.56
5939,197.967,Left,1.2153,181.18,ear,308.31,388.45
5941,198.033,Right,0.8781,183.53,ear,444.92,296.53
5942,198.067,Left,0.8468,185.18,ear,441.05,307.41
5943,198.100,Left,0.8637,182.99,ear,439.19,313.82
5944,198.133,Right,0.8894,180.67,ear,437.58,311.86
5945,198.167,Right,0.8707,181.60,ear,433.67,310.80
5946,198.200,Right,0.8491,180.99,ear,435.61,313.98
5947,198.233,Right,0.8438,182.06,ear,429.21,321.42
5948,198.267,Right,0.8278,182.01,ear,425.93,332.73
5949,198.300,Right,0.8339,181.59,ear,427.99,338.81
5950,198.333,Right,0.8341,179.70,ear,427.60,339.99
5951,198.367,Right,0.7943,180.08,ear,423.92,347.28
5952,198.400,Right,0.7681,179.63,ear,419.42,348.24
5953,198.433,Right,0.8814,174.27,ear,408.17,352.18
5954,198.467,Right,0.9648,171.57,ear,390.84,366.40
5955,198.500,Right,1.2418,170.50,ear,401.58,370.29
5956,198.533,Right,1.1842,169.04,ear,374.97,365.98
5965,198.833,Right,2.8544,169.54,ear,144.37,370.68
5966,198.867,Right,2.8149,165.04,ear,174.01,372.23
5967,198.900,Right,2.7390,164.71,ear,194.07,379.66
5968,198.933,Right,2.6874,161.30,ear,199.12,387.50
5969,198.967,Right,2.5762,163.70,ear,196.81,395.31
5970,199.000,Right,2.5626,163.04,ear,200.85,391.83
5971,199.033,Right,2.5599,162.30,ear,207.05,384.39
5972,199.067,Right,2.5593,162.44,ear,205.50,383.64
5973,199.100,Right,2.5859,162.09,ear,203.59,383.24
5974,199.133,Right,2.6344,161.61,ear,197.14,388.01
5975,199.167,Right,2.6732,160.14,ear,197.21,378.81
5976,199.200,Right,2.6902,160.40,ear,193.39,378.78
5977,199.233,Right,2.6665,160.40,ear,191.04,382.34
5978,199.267,Right,2.6222,160.57,ear,196.19,385.47
5979,199.300,Right,2.5028,160.31,ear,207.41,383.89
5980,199.333,Right,2.2662,160.63,ear,220.73,377.84
5981,199.367,Right,2.2631,160.73,ear,221.38,375.05
5982,199.400,Right,2.0698,160.87,ear,235.60,378.69
5983,199.433,Right,2.0318,161.46,ear,247.75,377.91
5984,199.467,Right,1.6953,162.14,ear,260.79,376.53
5985,199.500,Right,1.5402,161.18,ear,261.79,381.00
5986,199.533,Right,1.3479,162.96,ear,267.03,385.70
5987,199.567,Right,1.2478,162.38,ear,265.42,389.44
5988,199.600,Right,1.0460,170.04,ear,270.61,393.63
5989,199.633,Right,1.0330,172.88,ear,277.99,396.14
5990,199.667,Right,1.0066,175.11,ear,283.13,404.16
5991,199.700,Right,0.9938,177.88,ear,287.06,411.66
5992,199.733,Right,0.9724,180.94,ear,288.02,410.67
5993,199.767,Right,0.9782,180.29,ear,283.57,417.28
5994,199.800,Right,0.9508,179.34,ear,284.24,421.85
5995,199.833,Right,0.9343,179.77,ear,289.37,423.29
5996,199.867,Right,0.9015,181.00,ear,291.25,422.28
5997,199.900,Right,0.8839,181.29,ear,293.73,415.94
5998,199.933,Right,0.9019,181.58,ear,289.86,419.53
5999,199.967,Right,1.0234,181.15,ear,284.69,415.36
6000,200.000,Right,1.0988,181.05,ear,283.36,416.84
6001,200.033,Right,1.0250,180.01,ear,288.05,417.87
6002,200.067,Right,0.9730,178.84,ear,288.19,418.11
6003,200.100,Right,0.9941,177.78,ear,288.34,417.52
6004,200.133,Right,0.9669,178.01,ear,289.71,421.71
6005,200.167,Right,0.9950,177.94,ear,294.41,423.57
6006,200.200,Right,1.0202,177.41,ear,295.24,426.28
6007,200.233,Right,1.0709,178.57,ear,290.94,427.28
6008,200.267,Right,1.1920,178.27,ear,288.30,426.96
6009,200.300,Right,1.3094,176.44,ear,282.20,425.95
6010,200.333,Right,1.4087,174.56,ear,277.01,426.78
6011,200.367,Right,1.4573,174.46,ear,273.12,426.53
6012,200.400,Right,1.4975,174.29,ear,272.07,430.01
6013,200.433,Right,1.4163,173.58,ear,276.79,428.94
6014,200.467,Right,1.4337,173.26,ear,278.45,427.48
6015,200.500,Right,1.1862,173.50,ear,278.83,425.52
6016,200.533,Right,1.0756,173.62,ear,282.39,423.63
6017,200.567,Right,1.0735,173.87,ear,285.40,423.64
6018,200.600,Right,1.1225,173.97,ear,290.20,426.19
6019,200.633,Right,1.1905,174.06,ear,296.59,427.87
6020,200.667,Right,1.2928,170.80,ear,295.73,432.31
6021,200.700,Right,1.2901,170.94,ear,292.55,428.73
6022,200.733,Right,1.3367,170.97,ear,293.78,430.59
6023,200.767,Right,1.2729,171.35,ear,294.09,429.98
6024,200.800,Right,1.1082,171.26,ear,299.66,428.14
6025,200.833,Right,1.1160,172.52,ear,300.24,428.87
6026,200.867,Right,0.9864,172.66,ear,307.57,433.73
6027,200.900,Right,0.9504,172.81,ear,309.22,433.12
6028,200.933,Right,0.9531,172.88,ear,312.20,435.25
6029,200.967,Right,0.9774,173.38,ear,312.42,434.27
6030,201.000,Right,1.0217,173.04,ear,312.73,431.83
6031,201.033,Right,1.0818,173.09,ear,310.84,428.69
6032,201.067,Right,1.1525,173.23,ear,308.71,432.03
6033,201.100,Right,1.1752,174.09,ear,303.17,433.20
6034,201.133,Right,1.1434,174.01,ear,297.08,430.54
6035,201.167,Right,1.0899,173.94,ear,295.96,433.91
6036,201.200,Right,1.0021,173.69,ear,299.99,438.77
6037,201.233,Right,0.9610,173.79,ear,301.32,443.35
6038,201.267,Right,0.9858,172.01,ear,302.09,447.39
6039,201.300,Right,0.9126,171.85,ear,306.84,446.33
6040,201.333,Right,0.8296,173.21,ear,312.11,452.39
6041,201.367,Right,0.8435,172.73,ear,310.46,451.79
6042,201.400,Right,0.9275,172.44,ear,307.63,449.08
6043,201.433,Right,1.0555,171.67,ear,300.44,444.65
6044,201.467,Right,1.1851,170.97,ear,295.26,441.99
6045,201.500,Right,1.1992,170.62,ear,296.72,439.62
6046,201.533,Right,1.1612,170.70,ear,293.51,434.46
6047,201.567,Right,1.1080,170.62,ear,294.80,433.92
6048,201.600,Right,1.0347,169.92,ear,299.01,436.55
6049,201.633,Right,1.0611,165.33,ear,302.99,439.24
6050,201.667,Right,1.0686,162.98,ear,312.64,444.87
6051,201.700,Right,1.0697,161.53,ear,314.80,449.14
6052,201.733,Right,1.0956,160.97,ear,315.80,447.10
6053,201.767,Right,1.1464,158.55,ear,315.42,445.69
6054,201.800,Right,1.2410,154.79,ear,310.01,444.47
6055,201.833,Right,1.4089,150.16,ear,300.80,441.71
6056,201.867,Right,1.4647,150.55,ear,291.53,441.49
6057,201.900,Right,1.5684,151.28,ear,287.98,441.45
6058,201.933,Right,1.5952,150.78,ear,286.36,439.99
6059,201.967,Right,1.6492,150.36,ear,284.72,438.35
6060,202.000,Right,1.6367,151.55,ear,286.12,437.70
6061,202.033,Right,1.6456,148.87,ear,291.59,438.39
6062,202.067,Right,1.5952,147.70,ear,293.92,443.00
6063,202.100,Right,1.4880,146.20,ear,300.92,449.71
6064,202.133,Right,1.3349,145.86,ear,302.98,453.58
6065,202.167,Right,1.2777,143.75,ear,296.71,446.32
6066,202.200,Right,1.2578,142.96,ear,300.10,443.16
6067,202.233,Right,1.2342,143.16,ear,300.97,443.12
6068,202.267,Right,1.2997,142.76,ear,300.11,443.81
6069,202.300,Right,1.4361,141.71,ear,293.31,444.31
6070,202.333,Right,1.5400,141.47,ear,290.92,443.13
6071,202.367,Right,1.6345,141.48,ear,283.34,442.92
6072,202.400,Right,1.7055,140.18,ear,279.69,437.78
6073,202.433,Right,1.7528,140.23,ear,283.19,434.60
6074,202.467,Right,1.7929,139.29,ear,286.96,429.20
6075,202.500,Right,1.7390,140.53,ear,286.19,426.98
6076,202.533,Right,1.6507,141.06,ear,289.55,430.79
6077,202.567,Right,1.5043,141.51,ear,295.89,434.18
6078,202.600,Right,1.4005,139.01,ear,303.48,436.79
6079,202.633,Right,1.3240,137.57,ear,302.98,438.88
6080,202.667,Right,1.2522,136.84,ear,304.66,441.79
6081,202.700,Right,1.2812,137.09,ear,300.59,438.42
6082,202.733,Right,1.4039,136.21,ear,297.69,438.23
6083,202.767,Right,1.5112,138.40,ear,294.51,434.03
6084,202.800,Right,1.6007,141.67,ear,289.78,431.43
6085,202.833,Right,1.7199,145.53,ear,270.48,423.49
6086,202.867,Right,1.8221,147.99,ear,270.62,422.87
6087,202.900,Right,1.7416,151.38,ear,267.32,417.28
6088,202.933,Right,1.7052,153.26,ear,264.03,414.07
6089,202.967,Right,1.5671,157.88,ear,267.12,411.40
6090,203.000,Right,1.4536,160.76,ear,273.90,411.65
6091,203.033,Right,1.3754,162.91,ear,279.53,413.70
6092,203.067,Right,1.3236,162.34,ear,284.33,418.28
6093,203.100,Right,1.2801,164.18,ear,286.87,418.78
6094,203.133,Right,1.2091,171.26,ear,285.77,418.81
6095,203.167,Right,1.2342,172.02,ear,282.67,422.35
6096,203.200,Right,1.2841,172.70,ear,282.91,422.86
6097,203.233,Right,1.3626,172.73,ear,276.11,426.51
6098,203.267,Right,1.3894,173.96,ear,270.45,431.74
6099,203.300,Right,1.4334,173.57,ear,267.45,429.41
6100,203.333,Right,1.4516,173.90,ear,262.59,434.12
6101,203.367,Right,1.4668,173.39,ear,252.82,430.94
6102,203.400,Right,1.4685,172.70,ear,252.92,434.90
6103,203.433,Right,1.4308,173.21,ear,248.84,437.47
6104,203.467,Right,1.3906,175.74,ear,250.65,435.83
6105,203.500,Right,1.3962,171.95,ear,248.90,437.85
6106,203.533,Right,1.3778,172.11,ear,250.12,437.56
6107,203.567,Right,1.3759,171.04,ear,252.44,435.50
6108,203.600,Right,1.3532,171.11,ear,251.47,439.13
6109,203.633,Right,1.3458,171.12,ear,250.23,439.02
6110,203.667,Right,1.3518,173.00,ear,249.66,438.27
6111,203.700,Right,1.3186,174.91,ear,250.55,437.56
6112,203.733,Right,1.3182,174.14,ear,252.00,438.22
6113,203.767,Right,1.2924,174.82,ear,254.32,437.15
6114,203.800,Right,1.2884,174.77,ear,255.38,437.55
6115,203.833,Right,1.2709,174.62,ear,260.62,434.82
6116,203.867,Right,1.2303,174.98,ear,260.09,429.96
6117,203.900,Right,1.2190,174.59,ear,262.56,432.33
6118,203.933,Right,1.1879,174.71,ear,264.40,430.32
6119,203.967,Right,1.1893,173.50,ear,268.04,430.10
6120,204.000,Right,1.1924,173.11,ear,269.33,431.73
6121,204.033,Right,1.1566,172.67,ear,268.98,431.52
6122,204.067,Right,1.1365,173.07,ear,272.27,431.42
6123,204.100,Right,1.1328,175.20,ear,274.12,430.22
6124,204.133,Right,1.1527,172.82,ear,274.33,432.51
6125,204.167,Right,1.1923,170.74,ear,274.51,432.29
6126,204.200,Right,1.2084,168.69,ear,276.60,433.27
6127,204.233,Right,1.2324,164.53,ear,276.67,434.01
6128,204.267,Right,1.2153,163.60,ear,279.45,433.44
6129,204.300,Right,1.2544,158.14,ear,280.53,432.75
6130,204.333,Right,1.2644,155.52,ear,281.29,436.06
6131,204.367,Right,1.1887,156.25,ear,286.91,439.45
6132,204.400,Right,1.1151,156.49,ear,291.87,439.81
6132,204.400,Right,1.0595,156.49,ear,390.70,321.46
6133,204.433,Right,1.0320,157.39,ear,293.41,444.99
6134,204.467,Right,1.0015,156.08,ear,298.12,443.01
6134,204.467,Right,0.9741,156.08,ear,437.41,310.77
6135,204.500,Right,0.9908,152.58,ear,301.69,445.42
6136,204.533,Right,1.0115,148.54,ear,306.75,448.49
6137,204.567,Right,0.9629,148.24,ear,309.90,448.59
6138,204.600,Right,0.9205,149.02,ear,313.76,446.28
6139,204.633,Right,0.9138,148.42,ear,320.89,445.58
6140,204.667,Right,0.8352,147.56,ear,327.45,440.84
6141,204.700,Right,0.7251,145.03,ear,351.56,444.71
6142,204.733,Right,0.5788,142.82,ear,366.57,449.41
6143,204.767,Right,0.4347,143.02,ear,366.01,451.75
6144,204.800,Right,0.5218,140.29,ear,361.53,455.59
6145,204.833,Right,1.3450,144.63,ear,336.46,458.19
6146,204.867,Right,1.5361,152.42,ear,306.28,464.43
6149,204.967,Left,1.1023,162.96,ear,1036.22,550.28
6150,205.000,Left,0.9427,162.60,ear,1042.51,528.12
6151,205.033,Left,0.8171,161.19,ear,1048.86,513.81
6152,205.067,Left,0.7606,160.28,ear,1043.59,507.13
6153,205.100,Left,0.6854,159.93,ear,1032.04,509.83
6154,205.133,Left,1.0899,160.14,ear,1015.36,527.23
6155,205.167,Left,0.6443,159.12,ear,998.03,547.40
6155,205.167,Right,2.2044,159.12,ear,143.10,429.66
6156,205.200,Left,0.2407,157.25,ear,967.53,558.10
6156,205.200,Right,2.1434,157.25,ear,175.53,429.88
6157,205.233,Left,0.1954,156.35,ear,955.60,565.13
6157,205.233,Right,1.9925,156.35,ear,191.46,426.16
6158,205.267,Left,0.2679,160.81,ear,952.40,552.68
6158,205.267,Right,1.8116,160.81,ear,210.96,431.77
6159,205.300,Left,0.3245,156.47,ear,957.64,524.13
6159,205.300,Right,1.7342,156.47,ear,225.86,435.61
6160,205.333,Left,0.6587,160.83,ear,960.46,490.43
6160,205.333,Right,1.5305,160.83,ear,237.29,451.52
6161,205.367,Left,0.8156,161.50,ear,979.76,475.07
6161,205.367,Right,1.7505,161.50,ear,240.82,474.92
6162,205.400,Left,0.5837,162.56,ear,992.19,441.62
6162,205.400,Right,1.7667,162.56,ear,248.26,492.42
6163,205.433,Left,0.5216,164.10,ear,1020.51,430.67
6163,205.433,Right,1.6524,164.10,ear,243.29,516.04
6164,205.467,Left,0.5647,164.42,ear,1032.85,426.75
6164,205.467,Right,1.6499,164.42,ear,245.37,521.27
6165,205.500,Left,0.5382,164.44,ear,1046.78,432.20
6165,205.500,Right,1.7136,164.44,ear,235.70,527.85
6166,205.533,Left,0.5480,166.52,ear,1049.15,441.26
6166,205.533,Right,1.7276,166.52,ear,232.01,547.94
6167,205.567,Left,0.5533,165.74,ear,1041.53,474.81
6167,205.567,Right,1.7625,165.74,ear,224.74,580.19
6168,205.600,Left,1.0518,166.15,ear,1037.29,508.01
6168,205.600,Left,1.8385,166.15,ear,218.53,590.94
6169,205.633,Right,1.8440,164.56,ear,223.88,539.19
6170,205.667,Right,1.7522,159.59,ear,218.68,502.73
6171,205.700,Right,1.6142,155.23,ear,226.63,486.73
6172,205.733,Right,1.5001,149.03,ear,233.21,476.53
6173,205.767,Right,1.5157,148.40,ear,242.02,470.24
6174,205.800,Right,1.5011,144.82,ear,252.68,470.87
6175,205.833,Right,1.4817,145.00,ear,270.69,473.61
6176,205.867,Right,1.4575,145.53,ear,270.26,489.96
6177,205.900,Right,1.5396,144.88,ear,303.27,502.67
6178,205.933,Right,2.0567,145.09,ear,318.26,446.73
6180,206.000,Right,2.1296,143.79,ear,361.92,377.77
6181,206.033,Right,2.3429,142.05,ear,365.74,378.41
6182,206.067,Right,2.1721,149.65,ear,373.69,418.83
6183,206.100,Right,2.5301,150.14,ear,372.03,463.97
6210,207.000,Right,2.3522,135.69,ear,252.15,626.06
6211,207.033,Right,2.3460,136.93,ear,279.58,647.40
6212,207.067,Right,2.1659,139.58,ear,302.15,660.39
6215,207.167,Left,1.4674,141.61,ear,1153.59,612.46
6216,207.200,Left,1.3027,140.04,ear,1131.98,595.87
6217,207.233,Left,1.3376,136.44,ear,1130.67,558.29
6222,207.400,Right,1.8111,143.21,ear,295.13,558.21
6223,207.433,Right,1.8482,145.09,ear,301.90,608.34
6234,207.800,Right,1.4896,163.36,ear,294.64,486.19
6235,207.833,Right,1.6315,163.36,ear,291.27,536.17
6236,207.867,Right,1.7017,162.13,ear,275.79,573.14
6237,207.900,Right,1.9215,155.80,ear,287.99,620.73
6238,207.933,Right,2.0244,150.88,ear,264.41,636.62
6355,211.833,Right,2.6490,146.65,ear,213.84,557.67
6356,211.867,Right,2.4120,150.89,ear,233.49,539.81
6357,211.900,Right,2.3576,152.03,ear,237.14,540.40
6358,211.933,Right,2.1577,157.37,ear,239.46,562.12
6359,211.967,Right,2.1962,157.02,ear,224.72,597.57
6360,212.000,Right,2.5973,155.84,ear,214.59,636.32
6535,217.833,Left,0.8386,165.71,ear,853.62,496.15
6536,217.867,Left,0.7917,160.41,ear,839.28,480.04
6537,217.900,Left,0.7717,156.48,ear,829.98,469.75
6538,217.933,Left,0.0624,156.53,ear,831.30,452.17
6539,217.967,Left,0.5693,155.74,ear,827.01,454.55
6540,218.000,Left,0.3905,158.03,ear,824.76,449.05
6541,218.033,Left,0.3518,156.84,ear,820.07,444.50
6541,218.033,Left,0.3968,156.84,ear,853.54,440.50
6542,218.067,Left,0.2994,157.12,ear,830.36,446.37
6543,218.100,Left,0.2841,159.60,ear,837.32,440.12
6544,218.133,Left,0.3331,162.32,ear,838.76,442.23
6545,218.167,Left,0.3587,160.70,ear,841.75,437.79
6546,218.200,Left,0.4027,164.41,ear,848.25,445.76
6547,218.233,Left,0.3930,166.10,ear,849.98,446.33
6548,218.267,Left,0.4164,166.37,ear,854.72,446.19
6549,218.300,Left,0.3926,166.05,ear,860.78,446.21
6550,218.333,Left,0.4164,165.82,ear,860.40,450.79
6551,218.367,Left,0.4353,165.21,ear,859.98,452.51
6552,218.400,Left,0.4420,164.55,ear,861.12,454.10
6553,218.433,Left,0.4620,164.88,ear,864.15,456.77
6554,218.467,Left,0.4507,161.52,ear,866.15,456.89
6555,218.500,Left,0.4503,161.91,ear,867.10,454.77
6556,218.533,Left,0.4387,156.75,ear,864.62,452.66
6557,218.567,Left,0.4424,156.29,ear,862.01,452.65
6558,218.600,Left,0.4681,155.50,ear,867.06,460.19
6559,218.633,Left,0.4659,155.73,ear,878.47,472.89
6560,218.667,Left,0.4951,155.67,ear,889.05,485.98
6814,227.133,Left,0.8303,166.56,ear,809.09,460.39
6815,227.167,Left,0.7682,163.86,ear,777.65,456.69
6816,227.200,Left,0.7363,166.18,ear,761.61,446.95
6817,227.233,Left,0.6076,164.85,ear,752.98,443.29
6818,227.267,Left,0.4474,155.36,ear,745.50,444.77
6819,227.300,Left,0.6730,152.71,ear,749.28,444.57
6820,227.333,Left,0.7874,151.24,ear,743.79,447.40
6821,227.367,Left,0.8064,149.69,ear,745.36,450.36
6822,227.400,Left,0.7798,151.03,ear,745.68,453.43
6823,227.433,Left,0.7848,153.70,ear,742.19,456.04
6824,227.467,Left,0.7428,154.85,ear,746.32,451.21
6825,227.500,Left,0.6685,155.96,ear,745.99,450.05
6826,227.533,Left,0.6441,154.90,ear,743.71,452.50
6827,227.567,Left,0.6916,154.90,ear,741.72,451.43
6828,227.600,Left,0.7549,153.83,ear,741.92,449.69
6829,227.633,Left,0.7287,151.25,ear,741.28,449.45
6830,227.667,Left,0.7360,150.11,ear,741.37,451.91
6831,227.700,Left,0.6499,148.01,ear,743.38,449.83
6832,227.733,Left,0.6172,147.60,ear,750.67,449.88
6833,227.767,Left,0.5229,146.24,ear,751.18,453.86
6834,227.800,Left,0.4781,145.30,ear,763.62,458.16
8168,272.267,Left,0.5388,149.23,ear,578.56,519.00
8169,272.300,Right,0.4861,152.76,ear,596.28,542.12
8170,272.333,Right,0.3232,158.72,ear,620.05,544.96
8171,272.367,Right,0.3953,158.96,ear,611.73,548.12
8172,272.400,Right,0.4154,160.83,ear,627.25,550.42
8173,272.433,Right,0.4784,161.61,ear,640.09,547.12
8174,272.467,Right,0.5447,162.49,ear,647.22,544.37
8175,272.500,Right,0.5354,164.53,ear,660.63,545.97
8176,272.533,Right,0.6321,164.79,ear,673.76,552.08
8177,272.567,Right,0.6423,164.13,ear,677.00,548.01
8178,272.600,Right,0.6539,165.40,ear,674.99,552.00
8179,272.633,Right,0.6366,164.68,ear,679.53,556.93
8180,272.667,Right,0.6524,164.62,ear,677.55,555.69
8181,272.700,Right,0.5889,161.79,ear,670.61,559.68
8182,272.733,Right,0.5668,163.08,ear,670.98,562.88
8183,272.767,Right,0.5971,163.03,ear,665.62,562.56
8184,272.800,Right,0.5795,162.93,ear,665.11,564.04
8185,272.833,Right,0.5786,161.71,ear,658.80,553.12
8186,272.867,Right,0.5939,157.52,ear,654.33,549.85
8187,272.900,Right,0.5598,156.26,ear,648.89,549.83
8194,273.133,Right,0.5521,132.80,ear,589.20,482.68
8195,273.167,Right,0.5190,131.04,ear,593.10,489.01
8196,273.200,Right,0.5773,127.13,ear,584.23,486.65
8197,273.233,Right,0.6129,122.82,ear,582.07,482.28
8198,273.267,Right,0.6991,116.73,ear,576.56,488.00
8199,273.300,Right,0.6756,113.54,ear,577.47,480.98
8200,273.333,Right,0.9879,112.90,ear,573.49,478.72
8201,273.367,Right,1.0145,115.52,ear,571.03,473.62
8202,273.400,Right,1.0188,116.59,ear,575.59,474.11
8203,273.433,Right,0.9132,117.88,ear,570.27,465.24
8204,273.467,Right,0.9334,117.61,ear,572.22,464.03
8205,273.500,Right,0.9930,117.85,ear,561.14,453.21
8206,273.533,Right,0.9894,118.58,ear,558.93,458.49
8207,273.567,Right,0.9717,122.03,ear,551.62,455.76
8208,273.600,Right,0.9610,127.14,ear,540.32,446.23
8209,273.633,Right,0.7714,133.39,ear,554.07,437.12
8217,273.900,Right,1.8679,153.00,ear,487.86,621.34
8475,282.500,Left,2.3146,110.06,ear,510.77,571.08
8477,282.567,Left,2.0829,89.37,ear,796.68,655.16
8478,282.600,Left,2.0423,80.21,ear,822.23,651.60
8479,282.633,Left,1.8534,82.99,ear,866.34,639.58
8480,282.667,Left,1.4514,94.58,ear,901.11,635.07
8481,282.700,Left,1.5739,90.21,ear,955.13,615.52
8482,282.733,Left,1.7571,91.53,ear,998.48,617.01
8483,282.767,Left,2.0156,100.55,ear,1031.92,600.32
8484,282.800,Left,2.2377,103.62,ear,1057.58,610.35
8485,282.833,Left,2.7927,105.57,ear,1068.48,608.23
8486,282.867,Left,3.2380,105.18,ear,1090.09,613.47
8487,282.900,Left,3.3279,107.16,ear,1106.80,606.52
8488,282.933,Left,3.8216,105.16,ear,1117.01,617.68
8489,282.967,Left,4.1092,103.62,ear,1136.20,615.34
8490,283.000,Left,4.2872,103.40,ear,1143.75,621.33
8491,283.033,Left,4.3647,103.90,ear,1140.30,620.46
8492,283.067,Left,4.4404,105.77,ear,1147.79,623.01
8493,283.100,Left,4.4820,106.34,ear,1148.43,631.19
8494,283.133,Left,4.5552,105.36,ear,1154.00,631.48
8495,283.167,Left,4.6224,103.85,ear,1154.52,631.59
8496,283.200,Left,4.7943,99.70,ear,1156.69,633.65
8497,283.233,Left,4.3371,104.81,ear,1150.19,652.49
8498,283.267,Left,4.2781,101.51,ear,1157.61,650.18
8499,283.300,Left,3.9824,105.74,ear,1133.83,663.37
8500,283.333,Right,3.6314,109.40,ear,1122.30,644.79
8501,283.367,Left,3.0082,103.09,ear,1129.34,622.75
8502,283.400,Left,2.9249,103.84,ear,1092.92,646.97
8503,283.433,Left,2.6704,101.91,ear,1072.63,647.91
8504,283.467,Left,2.2678,100.48,ear,1051.48,650.35
8505,283.500,Left,1.7169,102.23,ear,1024.87,646.42
8506,283.533,Left,1.7142,105.76,ear,1023.78,650.54
8507,283.567,Left,1.3403,110.08,ear,1009.84,654.27
8508,283.600,Left,1.2998,110.01,ear,1004.19,658.77
8509,283.633,Left,1.2320,110.87,ear,1002.49,655.36
8510,283.667,Left,1.2286,109.16,ear,1001.97,653.24
8511,283.700,Left,1.1780,108.76,ear,1000.49,637.92
8512,283.733,Left,1.0735,113.82,ear,1001.40,626.12
8513,283.767,Left,1.0118,103.55,ear,999.01,613.95
8514,283.800,Left,0.9420,96.81,ear,999.64,605.01
8515,283.833,Left,0.9597,98.30,ear,1003.74,594.37
8516,283.867,Left,0.9597,103.03,ear,1008.67,585.22
8517,283.900,Left,0.8981,99.98,ear,1004.60,584.59
8518,283.933,Left,0.9831,102.55,ear,1012.60,576.01
8519,283.967,Left,1.0411,101.18,ear,1010.94,572.44
8520,284.000,Left,1.1644,100.17,ear,1011.60,568.70
8520,284.000,Left,1.2533,100.17,ear,881.91,283.67
8521,284.033,Left,1.2570,90.68,ear,1005.82,569.45
8522,284.067,Left,1.2562,79.30,ear,999.18,569.77
8523,284.100,Left,1.0564,82.49,ear,990.14,573.11
8524,284.133,Left,0.9245,82.98,ear,975.01,579.09
8525,284.167,Left,0.9194,84.36,ear,967.90,580.19
8526,284.200,Left,0.9062,86.99,ear,963.69,583.06
8527,284.233,Left,0.8984,87.83,ear,951.51,587.17
8528,284.267,Left,0.8608,87.87,ear,951.52,580.08
8529,284.300,Left,0.8728,86.88,ear,944.26,586.42
8530,284.333,Left,0.8213,86.29,ear,937.19,591.01
8531,284.367,Left,0.8454,89.53,ear,929.23,593.59
8532,284.400,Left,0.8581,91.47,ear,923.00,595.78
8533,284.433,Left,0.7610,92.52,ear,915.15,594.68
8534,284.467,Left,0.7455,107.22,ear,911.57,600.44
8535,284.500,Left,0.8529,105.74,ear,912.48,605.96
8536,284.533,Left,0.9388,107.16,ear,909.94,607.24
8537,284.567,Left,0.8965,116.01,ear,910.91,607.87
8538,284.600,Left,1.0159,111.53,ear,910.76,610.16
8539,284.633,Left,1.0799,111.64,ear,909.19,611.88
8540,284.667,Left,1.0754,107.12,ear,904.53,608.59
8541,284.700,Left,1.0614,109.55,ear,903.36,607.89
8542,284.733,Left,1.0501,112.77,ear,902.53,605.22
8543,284.767,Left,1.0775,114.03,ear,899.53,610.41
8544,284.800,Left,1.0635,113.43,ear,898.14,609.65
8545,284.833,Left,1.0697,114.65,ear,901.58,614.34
8546,284.867,Left,1.0800,114.39,ear,899.28,609.45
8547,284.900,Left,1.0938,114.32,ear,902.08,608.65
8548,284.933,Left,1.1133,114.19,ear,905.41,613.30
8549,284.967,Left,1.0712,120.43,ear,907.40,609.01
8550,285.000,Left,1.0471,118.61,ear,906.71,609.44
8551,285.033,Left,1.0322,115.66,ear,905.52,608.72
8552,285.067,Left,1.0852,116.35,ear,911.37,610.29
8553,285.100,Left,1.0759,115.80,ear,909.55,607.22
8554,285.133,Left,1.1125,118.48,ear,911.31,606.08
8555,285.167,Left,1.0761,118.65,ear,913.44,603.71
8556,285.200,Left,1.0841,118.93,ear,911.58,604.27
8557,285.233,Left,1.1119,119.17,ear,910.50,607.50
8558,285.267,Left,1.1324,117.17,ear,914.80,606.13
8559,285.300,Left,1.1515,117.36,ear,918.41,606.62
8560,285.333,Left,1.1109,113.91,ear,916.15,600.59
8561,285.367,Left,1.1494,113.12,ear,915.70,608.12
8562,285.400,Left,1.2003,105.00,ear,915.76,607.63
8563,285.433,Left,1.0704,104.54,ear,910.03,603.83
8564,285.467,Left,1.0670,108.58,ear,910.66,604.91
8565,285.500,Left,1.0775,107.29,ear,913.14,608.66
8566,285.533,Left,1.0769,94.37,ear,915.13,604.84
8567,285.567,Left,1.1578,79.78,ear,914.26,605.00
8568,285.600,Left,1.1980,76.08,ear,913.82,598.14
8569,285.633,Left,0.9540,79.03,ear,912.95,579.27
8570,285.667,Left,1.0225,81.71,ear,915.66,574.86
8571,285.700,Left,1.1236,83.38,ear,918.42,576.91
8572,285.733,Left,0.8179,88.64,ear,915.92,568.41
8573,285.767,Left,0.7421,93.82,ear,916.73,569.49
8574,285.800,Left,0.5768,101.85,ear,917.75,570.72
8575,285.833,Left,0.6465,107.69,ear,925.86,574.37
8576,285.867,Left,0.7463,106.23,ear,925.38,578.44
8577,285.900,Left,0.6848,104.10,ear,917.95,580.91
8578,285.933,Left,0.8178,97.86,ear,926.74,579.57
8579,285.967,Left,0.8415,100.35,ear,924.45,585.84
8580,286.000,Left,0.7493,106.44,ear,926.47,578.61
8581,286.033,Left,0.6602,99.54,ear,936.55,577.43
8582,286.067,Left,0.6198,102.48,ear,949.40,571.57
8582,286.067,Left,0.2477,102.48,ear,958.12,592.78
8583,286.100,Left,0.6127,104.92,ear,955.55,577.15
8584,286.133,Left,0.6122,102.59,ear,954.64,574.34
8585,286.167,Left,0.5765,101.96,ear,961.57,573.80
8585,286.167,Left,0.0488,101.96,ear,959.07,600.14
8586,286.200,Left,0.3395,102.22,ear,961.26,568.71
8586,286.200,Left,0.0384,102.22,ear,963.45,580.06
8587,286.233,Left,0.3044,104.04,ear,967.88,566.91
8587,286.233,Left,0.1300,104.04,ear,959.00,571.73
8588,286.267,Left,0.4222,96.27,ear,965.40,569.21
8588,286.267,Left,0.0123,96.27,ear,965.55,574.90
8589,286.300,Left,0.4185,97.43,ear,971.06,568.65
8589,286.300,Left,0.0795,97.43,ear,970.75,570.11
8590,286.333,Left,0.3550,95.39,ear,970.30,567.86
8590,286.333,Left,0.0985,95.39,ear,972.63,570.99
8591,286.367,Left,0.2232,89.22,ear,976.29,565.62
8592,286.400,Left,0.2739,85.95,ear,973.65,566.33
8593,286.433,Left,0.4442,84.58,ear,972.80,565.05
8594,286.467,Left,0.3512,84.40,ear,970.12,565.88
8595,286.500,Left,0.4054,83.62,ear,971.29,565.35
8596,286.533,Left,0.1472,80.55,ear,969.93,562.64
8597,286.567,Left,0.1874,80.77,ear,975.45,563.99
8598,286.600,Left,0.1642,77.89,ear,971.89,562.47
8599,286.633,Left,0.4506,76.85,ear,976.04,562.24
8600,286.667,Left,0.1969,77.00,ear,973.14,561.46
8601,286.700,Left,0.2627,76.58,ear,976.44,559.01
8602,286.733,Left,0.2357,75.81,ear,974.58,558.41
8603,286.767,Left,0.1186,75.32,ear,973.12,560.47
8604,286.800,Left,0.0954,74.97,ear,979.16,566.72
8605,286.833,Left,0.1203,73.21,ear,975.60,560.72
8606,286.867,Left,0.1524,73.78,ear,978.14,558.41
8607,286.900,Left,0.1408,73.60,ear,976.12,560.69
8608,286.933,Left,0.2288,73.13,ear,979.42,559.39
8609,286.967,Left,0.3391,71.28,ear,979.32,557.84
8610,287.000,Left,0.2271,70.36,ear,979.12,560.35
8611,287.033,Left,0.3238,67.85,ear,982.56,559.49
8612,287.067,Left,0.2146,68.54,ear,981.63,562.79
8613,287.100,Left,0.1986,68.77,ear,980.93,565.03
8614,287.133,Left,0.2924,68.84,ear,988.81,566.17
8615,287.167,Left,0.3013,66.43,ear,988.81,563.50
8616,287.200,Left,0.3875,65.01,ear,990.26,567.59
8617,287.233,Left,0.3282,67.26,ear,987.06,566.67
8618,287.267,Left,0.5120,72.62,ear,995.55,568.23
8619,287.300,Left,0.7341,76.35,ear,990.57,567.08
8620,287.333,Left,0.6458,79.99,ear,993.50,569.24
8621,287.367,Left,0.5023,79.93,ear,993.50,566.86
8622,287.400,Left,0.5062,79.68,ear,988.52,560.95
8623,287.433,Left,0.4679,81.26,ear,991.71,565.48
8624,287.467,Left,0.4030,81.79,ear,990.70,564.21
8625,287.500,Left,0.5210,81.45,ear,995.04,566.81
8626,287.533,Left,0.4814,80.20,ear,996.60,564.35
8627,287.567,Left,0.5480,80.15,ear,999.68,564.54
8628,287.600,Left,0.6360,78.37,ear,996.90,557.57
8629,287.633,Left,0.4553,79.83,ear,991.39,557.18
8630,287.667,Left,0.5845,80.60,ear,991.13,571.92
8631,287.700,Left,0.6034,82.44,ear,983.79,578.58
8632,287.733,Left,0.7079,85.29,ear,981.28,571.04
8633,287.767,Left,0.4118,85.20,ear,978.67,569.78
8634,287.800,Left,0.5250,83.93,ear,980.81,573.98
8635,287.833,Left,0.7392,83.37,ear,982.71,571.27
8636,287.867,Left,1.0157,84.60,ear,990.01,568.99
8637,287.900,Left,1.0258,84.47,ear,997.19,566.16
8638,287.933,Right,1.1966,84.57,ear,1007.67,557.23
8639,287.967,Left,1.0716,98.47,ear,1019.89,566.22
8643,288.100,Right,3.3211,108.33,ear,513.14,702.21
8644,288.133,Right,3.1112,106.32,ear,496.07,706.27
8645,288.167,Right,3.5290,97.98,ear,479.11,716.39
8646,288.200,Right,3.4319,105.14,ear,468.14,726.69
8647,288.233,Right,3.2948,114.80,ear,462.27,728.95
8648,288.267,Right,3.0763,121.92,ear,444.60,723.66
8649,288.300,Right,3.4487,108.98,ear,430.57,715.35
8650,288.333,Right,3.6043,107.04,ear,423.46,713.17
8651,288.367,Right,3.5909,107.45,ear,416.85,703.76
8652,288.400,Right,3.3737,109.37,ear,398.66,702.28
8653,288.433,Right,3.3480,110.71,ear,377.09,709.53
8655,288.500,Left,2.1949,112.92,ear,969.90,666.77
8656,288.533,Left,2.1275,124.27,ear,934.26,667.59
8657,288.567,Left,2.0390,134.51,ear,901.16,676.23
8658,288.600,Left,2.0855,133.29,ear,876.84,672.82
8659,288.633,Left,2.2874,127.61,ear,857.73,669.26
8660,288.667,Left,2.3936,121.91,ear,857.04,671.84
8661,288.700,Left,2.0070,130.93,ear,850.61,661.34
8662,288.733,Left,1.9969,120.15,ear,848.36,654.49
8663,288.767,Left,1.9780,112.23,ear,846.37,639.51
8664,288.800,Left,1.7551,112.31,ear,838.96,634.47
8665,288.833,Left,1.5085,116.90,ear,817.31,620.22
8666,288.867,Left,1.4211,111.07,ear,800.02,600.06
8667,288.900,Left,1.3906,107.23,ear,781.77,594.81
8668,288.933,Left,1.3341,106.09,ear,764.76,586.23
8669,288.967,Left,1.2927,107.16,ear,743.16,589.43
8670,289.000,Left,1.3879,104.99,ear,729.93,596.30
8671,289.033,Left,1.6031,111.46,ear,719.02,614.97
8856,295.200,Left,1.2501,172.05,ear,601.32,667.00
8859,295.300,Left,1.2700,170.05,ear,598.32,677.06
8860,295.333,Left,1.2046,168.77,ear,593.31,671.73
8983,299.433,Left,0.6964,128.28,ear,854.90,678.90
8991,299.700,Left,1.3239,122.65,ear,878.50,720.96
8992,299.733,Left,1.0712,138.94,ear,860.91,726.58
8993,299.767,Left,1.4453,114.28,ear,868.85,724.10
8994,299.800,Left,1.3055,112.38,ear,815.97,716.47
8995,299.833,Left,1.3101,113.49,ear,803.04,702.22
8996,299.867,Left,1.6082,93.18,ear,788.86,710.18
8997,299.900,Left,1.5728,91.73,ear,788.36,734.40
8998,299.933,Left,1.8318,79.19,ear,781.31,750.69
8999,299.967,Left,0.8857,116.09,ear,781.17,746.11
9000,300.000,Left,0.8033,124.34,ear,787.75,738.09
9001,300.033,Left,0.8694,122.02,ear,820.28,746.54
9002,300.067,Left,0.9888,119.57,ear,809.00,747.08
9003,300.100,Left,1.3250,118.70,ear,760.27,766.62
9004,300.133,Left,1.2705,117.47,ear,734.68,758.04
9005,300.167,Left,1.3842,118.07,ear,735.30,768.99
9006,300.200,Left,1.5405,113.89,ear,733.82,775.63
9007,300.233,Left,1.6915,104.38,ear,717.06,768.16
9008,300.267,Left,1.7343,103.64,ear,709.37,766.47
9009,300.300,Left,1.7398,105.22,ear,700.03,762.70
9010,300.333,Left,1.7800,102.55,ear,681.87,761.74
9011,300.367,Left,1.8663,99.35,ear,680.06,762.93
9012,300.400,Left,1.5626,114.87,ear,679.21,766.86
9013,300.433,Left,1.3840,120.77,ear,686.42,775.55
9014,300.467,Left,1.2454,129.53,ear,679.13,772.65
9015,300.500,Left,1.1866,133.59,ear,697.21,771.56
9016,300.533,Left,1.0780,142.21,ear,692.65,766.41
9017,300.567,Left,1.0992,136.42,ear,698.07,763.11
9018,300.600,Left,1.2012,130.21,ear,710.03,758.16
9019,300.633,Left,1.3580,119.93,ear,705.95,740.44
9020,300.667,Left,1.4435,117.34,ear,716.80,728.75
9021,300.700,Left,1.4926,116.33,ear,717.40,723.92
9022,300.733,Left,1.3815,124.10,ear,717.89,718.12
9023,300.767,Left,1.3176,128.52,ear,727.14,711.99
9024,300.800,Left,1.2787,133.96,ear,733.36,708.78
9025,300.833,Left,1.2840,137.81,ear,735.75,705.44
9026,300.867,Left,1.3680,132.36,ear,735.41,712.07
9027,300.900,Left,1.3209,127.05,ear,737.31,732.67
9028,300.933,Left,1.4954,109.66,ear,737.26,746.74
9029,300.967,Left,1.7393,95.85,ear,744.42,754.47
9030,301.000,Left,1.7111,100.22,ear,722.02,765.87
9031,301.033,Left,1.6205,109.99,ear,702.51,771.56
9032,301.067,Left,1.4994,116.65,ear,702.16,771.29
9033,301.100,Left,1.5128,117.03,ear,700.98,753.66
9034,301.133,Left,1.5080,117.78,ear,696.12,749.28
9035,301.167,Left,1.4867,120.15,ear,694.46,744.64
9036,301.200,Left,1.4029,126.71,ear,688.88,739.00
9037,301.233,Left,1.3903,126.86,ear,680.97,739.02
9038,301.267,Left,1.3483,126.41,ear,678.63,739.16
9039,301.300,Left,1.3980,130.70,ear,672.72,736.23
9040,301.333,Left,1.4018,131.70,ear,666.11,732.98
9041,301.367,Left,1.4662,129.59,ear,667.67,724.47
9042,301.400,Left,1.4418,128.74,ear,672.94,721.48
9043,301.433,Left,1.4871,126.34,ear,679.08,718.56
9044,301.467,Left,1.6374,119.84,ear,682.85,721.55
9045,301.500,Left,1.7123,119.15,ear,685.29,722.22
9046,301.533,Left,1.7903,115.78,ear,686.54,718.25
9047,301.567,Left,2.0805,102.37,ear,685.01,717.95
9048,301.600,Left,1.9613,99.94,ear,689.67,734.68
9049,301.633,Left,1.8144,109.09,ear,688.38,750.55
9050,301.667,Left,2.0875,114.15,ear,684.77,775.01
9051,301.700,Left,2.1862,113.70,ear,675.65,795.89
9052,301.733,Left,2.1930,115.36,ear,653.13,795.76
9052,301.733,Right,0.5407,115.36,ear,584.39,440.92
9053,301.767,Right,0.4602,118.98,ear,567.13,448.62
9054,301.800,Right,0.5321,125.60,ear,560.00,447.87
9055,301.833,Right,0.5744,130.07,ear,552.82,449.35
9056,301.867,Right,0.5535,132.73,ear,548.43,453.31
9057,301.900,Right,0.5066,133.67,ear,544.56,452.01
9058,301.933,Right,0.5097,133.47,ear,543.85,450.82
9059,301.967,Right,0.4985,133.09,ear,537.10,447.86
9060,302.000,Right,0.5327,132.68,ear,528.92,443.85
9061,302.033,Right,0.4957,133.36,ear,536.23,444.64
9062,302.067,Right,0.4621,134.00,ear,537.77,447.77
9063,302.100,Right,0.4495,134.22,ear,531.26,452.11
9064,302.133,Right,0.4772,135.54,ear,540.02,450.52
9065,302.167,Right,0.4720,136.69,ear,536.69,450.70
9066,302.200,Right,0.4924,137.84,ear,532.10,452.05
9067,302.233,Right,0.4846,137.55,ear,536.15,452.36
9068,302.267,Right,0.5873,137.27,ear,533.17,454.08
9069,302.300,Right,0.6081,137.36,ear,533.44,453.45
9070,302.333,Right,0.6342,134.90,ear,536.75,455.99
9071,302.367,Right,0.6444,132.01,ear,539.81,454.23
9072,302.400,Right,0.6036,131.76,ear,540.20,453.12
9072,302.400,Right,0.3033,131.76,ear,605.16,392.14
9073,302.433,Right,0.7225,132.44,ear,544.50,455.14
9073,302.433,Right,0.4054,132.44,ear,599.83,405.59
9074,302.467,Right,0.8332,132.53,ear,551.91,457.90
9074,302.467,Right,0.5885,132.53,ear,605.45,433.07
9075,302.500,Right,0.9485,133.05,ear,559.40,460.33
9076,302.533,Right,1.0652,134.85,ear,563.59,470.95
9077,302.567,Right,1.0972,137.54,ear,563.77,476.23
9078,302.600,Right,1.2930,136.62,ear,549.45,490.99
9079,302.633,Right,1.3799,135.65,ear,563.86,504.09
9080,302.667,Right,1.4142,134.62,ear,572.92,505.83
9081,302.700,Right,1.3130,136.14,ear,588.25,498.25
9082,302.733,Right,1.2028,132.71,ear,585.51,474.27
9083,302.767,Right,1.0838,130.91,ear,585.09,459.60
9084,302.800,Right,1.0291,129.53,ear,581.22,449.18
9085,302.833,Right,0.8267,127.00,ear,587.18,451.99
9086,302.867,Right,0.5883,111.58,ear,586.33,445.12
9087,302.900,Right,0.2587,109.74,ear,568.50,436.98
9088,302.933,Right,0.0782,107.45,ear,565.00,430.51
9089,302.967,Right,0.2326,106.81,ear,563.84,424.05
9090,303.000,Right,0.2889,103.40,ear,551.73,418.44
9091,303.033,Right,0.3997,103.68,ear,540.54,415.79
9092,303.067,Right,0.3911,103.28,ear,528.70,414.94
9093,303.100,Right,0.5585,102.24,ear,516.83,406.91
9093,303.100,Right,0.4342,102.24,ear,519.06,402.17
9094,303.133,Right,0.5854,103.14,ear,505.06,399.70
9095,303.167,Right,0.5089,104.30,ear,499.62,385.09
9096,303.200,Right,0.5133,109.29,ear,493.00,383.06
9097,303.233,Right,0.3901,119.03,ear,484.53,372.48
9102,303.400,Left,0.9089,160.33,ear,381.43,312.86
9103,303.433,Left,1.0106,162.87,ear,393.76,335.32
9106,303.533,Right,1.0942,167.91,ear,346.83,352.13
9107,303.567,Right,1.1171,168.36,ear,337.63,361.43
9108,303.600,Right,1.0890,168.70,ear,331.61,364.23
9109,303.633,Right,1.0823,170.16,ear,331.57,370.19
9110,303.667,Right,1.0910,172.26,ear,340.67,375.63
9111,303.700,Right,0.9965,172.75,ear,344.86,369.56
9112,303.733,Right,1.0603,173.87,ear,346.82,362.98
9113,303.767,Right,0.9629,174.18,ear,356.25,363.31
9114,303.800,Right,0.9415,174.39,ear,361.99,362.74
9115,303.833,Right,0.9691,174.78,ear,359.44,359.58
9116,303.867,Right,0.9495,174.85,ear,361.75,358.76
9117,303.900,Right,0.9270,174.30,ear,363.57,356.89
9118,303.933,Right,0.9487,174.29,ear,365.36,360.44
9119,303.967,Right,0.9022,174.38,ear,378.18,375.92
9120,304.000,Right,0.8692,174.46,ear,386.86,389.31
9121,304.033,Right,0.7882,174.10,ear,379.96,391.64
9122,304.067,Right,0.7406,174.12,ear,384.47,391.53
9123,304.100,Right,0.7268,173.33,ear,391.68,392.32
9124,304.133,Right,0.6933,173.53,ear,398.71,392.97
9125,304.167,Right,0.6788,173.78,ear,403.66,389.35
9126,304.200,Right,0.6959,171.84,ear,409.26,386.93
9127,304.233,Right,0.7131,172.14,ear,402.79,385.94
9128,304.267,Right,0.7227,171.81,ear,406.36,384.15
9129,304.300,Right,0.7002,173.23,ear,402.65,381.75
9130,304.333,Right,0.7142,172.93,ear,405.16,379.46
9131,304.367,Right,0.7243,172.68,ear,401.45,381.70
9132,304.400,Right,0.7191,172.62,ear,401.19,384.72
9133,304.433,Right,0.7088,172.38,ear,404.28,384.63
9134,304.467,Right,0.7098,171.82,ear,401.02,382.39
9135,304.500,Right,0.6943,171.81,ear,399.06,384.16
9136,304.533,Right,0.6742,171.85,ear,404.90,382.48
9137,304.567,Right,0.7001,171.90,ear,404.61,374.48
9138,304.600,Right,0.7201,172.06,ear,397.65,373.97
9138,304.600,Right,0.6460,172.06,ear,429.47,266.75
9139,304.633,Right,0.7136,171.90,ear,398.74,375.87
9140,304.667,Right,0.7230,172.14,ear,399.67,372.43
9141,304.700,Right,0.7232,172.04,ear,398.83,370.40
9141,304.700,Right,0.6643,172.04,ear,422.92,276.75
9142,304.733,Right,0.7145,172.49,ear,398.93,371.18
9142,304.733,Right,0.6719,172.49,ear,417.03,256.80
9143,304.767,Right,0.7211,172.03,ear,401.38,371.17
9144,304.800,Right,0.7104,172.52,ear,403.50,371.80
9145,304.833,Right,0.6620,172.44,ear,400.61,376.51
9146,304.867,Right,0.6162,172.43,ear,409.77,381.36
9147,304.900,Right,0.5966,173.68,ear,408.83,379.42
9148,304.933,Right,0.5867,173.07,ear,409.97,383.04
9149,304.967,Right,0.5892,174.04,ear,411.02,379.12
9150,305.000,Right,0.6006,173.77,ear,409.49,376.61
9151,305.033,Right,0.6214,173.97,ear,402.88,378.87
9152,305.067,Right,0.6370,174.09,ear,405.94,374.42
9152,305.067,Right,0.5888,174.09,ear,431.28,265.55
9153,305.100,Right,0.6628,173.96,ear,399.10,371.61
9154,305.133,Right,0.6651,173.47,ear,401.18,376.67
9155,305.167,Right,0.6573,174.43,ear,394.65,372.19
9156,305.200,Right,0.6761,175.62,ear,395.65,372.80
9157,305.233,Right,0.7102,174.90,ear,391.86,362.71
9158,305.267,Right,0.7096,175.06,ear,393.49,363.76
9159,305.300,Right,0.6946,175.78,ear,391.36,365.84
9160,305.333,Right,0.7010,175.64,ear,389.66,365.91
9161,305.367,Right,0.6969,175.64,ear,392.11,365.17
9161,305.367,Right,0.6418,175.64,ear,411.97,265.47
9162,305.400,Right,0.6671,175.84,ear,395.12,366.05
9163,305.433,Right,0.6348,175.83,ear,397.26,365.43
9164,305.467,Right,0.6228,175.55,ear,397.81,370.11
9165,305.500,Right,0.6187,175.30,ear,397.59,370.70
9165,305.500,Right,0.5562,175.30,ear,435.12,265.69
9166,305.533,Right,0.6032,176.30,ear,394.06,369.32
9167,305.567,Right,0.5835,176.41,ear,393.00,371.96
9168,305.600,Right,0.5309,176.04,ear,392.94,373.91
9169,305.633,Right,0.4466,177.01,ear,389.25,376.26
9170,305.667,Right,0.4239,176.42,ear,394.27,377.72
9171,305.700,Right,0.3905,176.46,ear,395.60,377.66
9172,305.733,Right,0.3685,176.97,ear,397.26,377.75
9173,305.767,Right,0.3513,176.82,ear,399.09,378.31
9174,305.800,Right,0.3445,176.18,ear,400.37,376.67
9175,305.833,Right,0.3433,177.29,ear,399.91,375.35
9176,305.867,Right,0.3426,174.79,ear,399.25,375.54
9177,305.900,Right,0.3378,176.42,ear,399.66,374.29
9178,305.933,Right,0.3462,176.36,ear,399.96,373.96
9179,305.967,Right,0.3188,175.67,ear,400.78,374.89
9180,306.000,Right,0.3198,174.23,ear,402.24,375.84
9181,306.033,Right,0.3690,173.53,ear,398.91,375.35
9182,306.067,Right,0.3816,174.17,ear,398.63,377.68
9183,306.100,Right,0.3752,173.64,ear,400.93,377.68
9184,306.133,Right,0.3697,173.65,ear,403.03,381.24
9185,306.167,Right,0.3558,174.24,ear,408.45,383.86
9186,306.200,Right,0.3510,175.93,ear,410.73,386.12
9187,306.233,Right,0.3556,176.35,ear,409.43,385.03
9188,306.267,Right,0.3338,176.35,ear,414.61,389.55
9189,306.300,Right,0.3380,177.18,ear,414.28,387.86
9190,306.333,Right,0.3278,178.32,ear,418.63,389.82
9191,306.367,Right,0.3112,180.41,ear,416.49,388.04
9192,306.400,Right,0.2987,179.81,ear,412.99,388.55
9193,306.433,Right,0.2818,179.12,ear,414.84,389.51
9194,306.467,Right,0.2753,180.33,ear,416.59,389.62
9195,306.500,Right,0.2842,180.01,ear,418.75,389.92
9196,306.533,Right,0.2812,179.98,ear,419.03,392.37
9197,306.567,Right,0.2805,179.95,ear,420.68,393.57
9198,306.600,Right,0.2857,179.43,ear,416.99,392.22
9199,306.633,Right,0.2828,179.20,ear,417.16,390.70
9200,306.667,Right,0.3077,177.58,ear,423.08,386.83
9201,306.700,Right,0.3065,177.42,ear,427.90,379.14
9202,306.733,Right,0.3524,178.98,ear,425.37,364.35
9203,306.767,Right,0.3306,179.08,ear,445.04,359.53
9203,306.767,Right,0.2881,179.08,ear,443.37,234.25
9204,306.800,Right,0.3269,179.44,ear,449.36,365.72
9204,306.800,Right,0.2988,179.44,ear,435.52,193.75
9207,306.900,Left,1.4098,168.57,ear,607.14,689.81
